model,host_id,max_similarity,quantile,support_status
ESM2,IM001,0.9999091722146773,0.995,supported
ESM2,IM018,0.9066102101209721,0.9,supported
ESM2,IM043,0.9999894001789164,0.999,supported
ESM2,IM061_1,0.9999755671701913,0.999,supported
ESM2,IM066,0.7201295271649668,,no_support
ESM2,IM074,0.7250034610344483,0.75,supported
ESM2,IM085,0.7397101529553037,0.75,supported
ESM2,IM088,0.8996430179882395,0.9,supported
ESM2,IM094,0.9004977978954217,0.9,supported
ESM2,IM_023,0.9998919756274489,0.99,supported
ESM2,NK06130,0.999974873451649,0.999,supported
ESM2,NK06145,0.999974873451649,0.999,supported
ESM2,NK06248,0.9999921441162479,0.999,supported
ESM2,NK08119,0.9999721312618349,0.999,supported
ESM2,NK08370,0.9841206601280508,0.95,supported
ESMC,IM001,0.9981275812340219,0.95,supported
ESMC,IM018,0.9823737513351327,0.9,supported
ESMC,IM043,0.9981104589588772,0.95,supported
ESMC,IM061_1,0.9981361064826203,0.95,supported
ESMC,IM066,0.9786059747516771,0.9,supported
ESMC,IM074,0.9784045437886703,0.9,supported
ESMC,IM085,0.9774125462760385,0.9,supported
ESMC,IM088,0.9899195414235149,0.9,supported
ESMC,IM094,0.9899195414235149,0.9,supported
ESMC,IM_023,0.9981361064826203,0.95,supported
ESMC,NK06130,0.9981520433610938,0.95,supported
ESMC,NK06145,0.9981520433610938,0.95,supported
ESMC,NK06248,0.9981520433610938,0.95,supported
ESMC,NK08119,0.9981520433610938,0.95,supported
ESMC,NK08370,0.963160418198076,0.9,supported
LucaOne,IM001,0.9999999999997506,0.99,supported
LucaOne,IM018,0.8991858751159806,0.9,supported
LucaOne,IM043,0.9999999999997077,0.99,supported
LucaOne,IM061_1,0.9999999999998344,0.99,supported
LucaOne,IM066,0.9428686581936386,0.9,supported
LucaOne,IM074,0.9428755776002388,0.9,supported
LucaOne,IM085,0.9312386975547299,0.9,supported
LucaOne,IM088,0.9506219049583142,0.95,supported
LucaOne,IM094,0.9506219049583142,0.95,supported
LucaOne,IM_023,0.9999999999998344,0.99,supported
LucaOne,NK06130,0.9999999999999148,0.99,supported
LucaOne,NK06145,0.9999999999999148,0.99,supported
LucaOne,NK06248,0.9999999999999148,0.99,supported
LucaOne,NK08119,0.9999999999999148,0.99,supported
LucaOne,NK08370,0.9740947604271495,0.95,supported
AF3,IM001,0.9999999999991043,0.995,supported
AF3,IM018,0.8117731702522686,0.9,supported
AF3,IM043,0.9999999999991303,0.995,supported
AF3,IM061_1,0.9999999999994225,0.995,supported
AF3,IM066,0.9265688515204119,0.9,supported
AF3,IM074,0.9268238818690178,0.9,supported
AF3,IM085,0.9267700808152524,0.9,supported
AF3,IM088,0.91093416966026,0.9,supported
AF3,IM094,0.9109340883211929,0.9,supported
AF3,IM_023,0.9999999999992653,0.995,supported
AF3,NK06130,0.9999999999992352,0.995,supported
AF3,NK06145,0.9999999999989984,0.995,supported
AF3,NK06248,0.9999999999988999,0.995,supported
AF3,NK08119,0.999999999999333,0.995,supported
AF3,NK08370,0.8942057090587885,0.9,supported
BacFormer,IM001,0.9868780680156022,0.99,supported
BacFormer,IM018,0.6753453199528678,0.85,supported
BacFormer,IM043,0.9867617050803184,0.99,supported
BacFormer,IM061_1,0.9999999999999996,0.995,supported
BacFormer,IM066,0.7529914236438546,0.9,supported
BacFormer,IM074,0.8063545319772089,0.95,supported
BacFormer,IM085,0.7275302295795814,0.9,supported
BacFormer,IM088,0.8218927248422032,0.95,supported
BacFormer,IM094,0.7725488936712511,0.9,supported
BacFormer,IM_023,0.9999999999999996,0.995,supported
BacFormer,NK06130,1.0000000000000007,0.999,supported
BacFormer,NK06145,1.0000000000000007,0.999,supported
BacFormer,NK06248,0.9826100571955305,0.99,supported
BacFormer,NK08119,1.0000000000000007,0.999,supported
BacFormer,NK08370,0.8111748100354504,0.95,supported
