phage_id,RCIP0001,RCIP0003,RCIP0004,RCIP0014,RCIP0015,RCIP0016,RCIP0017,RCIP0023,RCIP0024,RCIP0025,RCIP0028,RCIP0030,RCIP0034,RCIP0035,RCIP0036,RCIP0037,RCIP0038,RCIP0039,RCIP0040,RCIP0041,RCIP0042,RCIP0043,RCIP0044,RCIP0045,RCIP0046,RCIP0047,RCIP0048,RCIP0049,RCIP0050,RCIP0054,RCIP0055,RCIP0056,RCIP0058,RCIP0059,RCIP0060,RCIP0061,RCIP0063,RCIP0064,RCIP0067,RCIP0068,RCIP0069,RCIP0072,RCIP0074,RCIP0077,RCIP0078,RCIP0079,RCIP0081,RCIP0082,RCIP0083,RCIP0085,RCIP0086,RCIP0087,RCIP0088,RCIP0089,RCIP0090,RCIP0091,RCIP0092,RCIP0093,RCIP0094,RCIP0097,RCIP0098,RCIP0099,RCIP0101,RCIP0104,RCIP0105,RCIP0106,RCIP0107,RCIP0108,RCIP0109,RCIP0110,RCIP0111,RCIP0112,RCIP0113,RCIP0114
RCIP0001,1.0,0.43503693,0.9130839,0.32293808,0.31641522,0.45790106,0.88018984,0.46633112,0.6046046,0.84518874,0.4515218,0.36232018,0.5712606,0.29233962,0.23836339,0.2382853,0.23924816,0.1969594,0.9884996,0.2707222,0.8989499,0.23300618,0.23302251,0.38501656,0.28457305,0.3619788,0.4353748,0.21924624,0.9852891,0.31388792,0.37009716,0.86781704,0.8795849,0.8368532,0.6895063,0.31388792,0.36366856,0.45311376,0.8985748,0.31388792,0.45452145,0.26593107,0.4416918,0.87637424,0.8416294,0.8980741,0.3129234,0.32803556,0.4422077,0.89776266,0.31388792,0.2877991,0.2878217,0.42322046,0.2682547,0.35402262,0.83974445,0.3573176,0.23652798,0.85917616,0.5714858,0.23373044,0.4238015,0.24278474,0.98361516,0.24475446,0.987133,0.39510795,0.4256783,0.29172432,0.2854126,0.27959967,0.33258405,0.29178852
RCIP0003,0.43503693,1.0,0.35067755,0.7293932,0.32905614,0.9411484,0.26324368,0.7539773,0.71206546,0.23947123,0.9397649,0.39940047,0.21818042,0.50960135,0.5121246,0.50809026,0.51304084,0.54327583,0.44661167,0.56661713,0.36253074,0.49984628,0.31878054,0.38905147,0.60549986,0.40295315,0.94763774,0.5016124,0.3825379,0.30351353,0.35027784,0.2539317,0.25367644,0.23298705,0.48872453,0.30351353,0.40285972,0.94242245,0.3820949,0.30351353,0.9775493,0.5511928,0.9437274,0.25583613,0.23475683,0.3527457,0.29601246,0.7244843,0.94335216,0.3511732,0.30351353,0.59577197,0.59487665,0.7886687,0.5490366,0.4038425,0.23552987,0.34428632,0.48779356,0.2610973,0.21618503,0.5227159,0.9385264,0.31516695,0.3913678,0.30255866,0.39881346,0.35528064,0.9370394,0.5892745,0.5605629,0.5604962,0.32639349,0.46413094
RCIP0004,0.9130839,0.35067755,1.0,0.26265496,0.39866188,0.34707597,0.9251993,0.3113207,0.5707425,0.928115,0.34093973,0.37948656,0.6327274,0.2346504,0.2944789,0.29557472,0.2950021,0.24803796,0.89945024,0.206936,0.9904041,0.3043741,0.3223433,0.388895,0.21249321,0.3762504,0.34109545,0.28469205,0.93053937,0.4059865,0.39187256,0.9094883,0.9145253,0.9218575,0.7185824,0.4059865,0.38572496,0.34936056,0.98596025,0.4059865,0.338749,0.21307158,0.33666086,0.91107786,0.92521083,0.99010324,0.39383847,0.26388207,0.33727044,0.989787,0.4059865,0.21812865,0.21331668,0.31274945,0.21475977,0.37029743,0.92396414,0.38327324,0.30388942,0.92779255,0.6334162,0.29769003,0.31708184,0.3348336,0.9233145,0.32607803,0.916188,0.410164,0.32468876,0.216786,0.2223841,0.21878964,0.41190287,0.23723748
RCIP0014,0.32293808,0.7293932,0.26265496,1.0,0.27440506,0.7705958,0.15972018,0.7658295,0.53145635,0.17687917,0.7621676,0.2322245,0.20162699,0.8377404,0.80665934,0.80247116,0.8047583,0.8282387,0.31855208,0.87359357,0.26307774,0.7988508,0.5810511,0.22673604,0.8953401,0.23994762,0.7455943,0.80429935,0.27137858,0.25842974,0.21430159,0.15993512,0.16247845,0.17075637,0.32945096,0.25842974,0.23751625,0.7596741,0.28880453,0.25842974,0.76485884,0.8639417,0.76850504,0.16387078,0.17241013,0.25456747,0.25963157,0.998629,0.7689048,0.25473258,0.25842974,0.8947575,0.8927145,0.84509933,0.8631861,0.24318284,0.17228487,0.22529212,0.78838587,0.2479639,0.2042101,0.8126278,0.7701696,0.56503993,0.28746635,0.55374944,0.29715896,0.2025994,0.7673014,0.890751,0.8746172,0.8734555,0.26738527,0.61729825
RCIP0015,0.31641522,0.32905614,0.39866188,0.27440506,1.0,0.2755347,0.43719625,0.39237484,0.26739135,0.4609728,0.29177988,0.8901496,0.6391258,0.3164224,0.37800568,0.37662625,0.37176865,0.39600396,0.31410974,0.4220127,0.38617325,0.381563,0.5765126,0.8849815,0.29673666,0.89411193,0.2599543,0.3886335,0.34137142,0.9926066,0.9190231,0.44435656,0.43910775,0.46749455,0.34218207,0.9926066,0.8905206,0.27518007,0.37138617,0.9926066,0.2883218,0.31476647,0.28332502,0.43649024,0.46370655,0.39318442,0.9720104,0.26918682,0.28241983,0.3928554,0.9926066,0.2977235,0.3052425,0.27503443,0.31476307,0.89455587,0.46240482,0.92568445,0.38697007,0.39225668,0.6435051,0.3621548,0.25773925,0.5703545,0.33029142,0.5869447,0.3358581,0.90516984,0.25376332,0.30474788,0.4279607,0.42836046,0.998255,0.5143794
RCIP0016,0.45790106,0.9411484,0.34707597,0.7705958,0.2755347,1.0,0.25134575,0.80021393,0.7253232,0.2288306,0.9967133,0.3270637,0.20377919,0.5643426,0.5188077,0.5135634,0.519223,0.5511701,0.47565502,0.5860709,0.35977864,0.50993097,0.29600117,0.31739375,0.66207784,0.3303448,0.937413,0.51436144,0.4042865,0.24822485,0.29597697,0.24652377,0.2458314,0.21782014,0.5224848,0.24822485,0.3289273,0.9956652,0.38628346,0.24822485,0.96731937,0.59391034,0.99645567,0.24702951,0.22254884,0.34793538,0.25476038,0.7684665,0.99649096,0.34684902,0.24822485,0.65265507,0.65125436,0.81374156,0.5931598,0.33090937,0.22123238,0.29420227,0.49536425,0.28987148,0.2045778,0.52781194,0.9453219,0.28592342,0.4180196,0.27890128,0.4279897,0.29440016,0.9436692,0.6468411,0.58393335,0.5818873,0.27545238,0.5141611
RCIP0017,0.88018984,0.26324368,0.9251993,0.15972018,0.43719625,0.25134575,1.0,0.23241982,0.5376219,0.9468054,0.24699807,0.49016377,0.7203775,0.27018243,0.2537464,0.25833526,0.2579283,0.19078666,0.87464786,0.19369575,0.9213065,0.25880155,0.36019996,0.505725,0.21175402,0.48196238,0.27764547,0.24462578,0.91983604,0.45210543,0.4965815,0.99578685,0.99593925,0.9464601,0.7380055,0.45210543,0.4873712,0.2590255,0.903262,0.45210543,0.24897817,0.24199516,0.2434541,0.9954034,0.94616234,0.92696345,0.44957572,0.16226876,0.24429792,0.9277154,0.45210543,0.21164483,0.21159488,0.23588604,0.24329871,0.47862068,0.9449994,0.48338974,0.27108943,0.9255514,0.71592754,0.2601869,0.24980468,0.38706458,0.9086228,0.38352758,0.8993796,0.5182995,0.2566216,0.21489996,0.19601443,0.19483018,0.44450498,0.32590884
RCIP0023,0.46633112,0.7539773,0.3113207,0.7658295,0.39237484,0.80021393,0.23241982,1.0,0.51572156,0.19194427,0.7969874,0.40150517,0.29888293,0.6412505,0.47243133,0.46570155,0.46561897,0.5382161,0.4834533,0.70091957,0.31070024,0.46648645,0.3392604,0.40005705,0.7100101,0.40895313,0.7506394,0.47766778,0.41848007,0.36397284,0.42596334,0.23284775,0.2445049,0.18717936,0.29368985,0.36397284,0.39974028,0.7709764,0.34563464,0.36397284,0.8303666,0.6395164,0.7854644,0.2465643,0.19827133,0.30188113,0.42014867,0.77070385,0.7841102,0.29988253,0.36397284,0.7165004,0.72341,0.84058106,0.6378188,0.4081633,0.19581452,0.42690775,0.446709,0.22999766,0.29974535,0.47033277,0.7713568,0.3186143,0.4401623,0.34095007,0.45596713,0.41181198,0.76301885,0.72373545,0.70888364,0.7057172,0.4075182,0.61983085
RCIP0024,0.6046046,0.71206546,0.5707425,0.53145635,0.26739135,0.7253232,0.5376219,0.51572156,1.0,0.53375685,0.7193389,0.29836014,0.4603039,0.45248097,0.485687,0.48774958,0.49356338,0.49346566,0.59913516,0.38002095,0.5803334,0.48309153,0.3608921,0.30076838,0.4951455,0.29160234,0.73850894,0.48121798,0.5746957,0.28227422,0.2605348,0.5256034,0.52681476,0.5268753,0.838558,0.28227422,0.30121177,0.73821896,0.5842265,0.28227422,0.69408107,0.4698187,0.72938263,0.52602345,0.5294849,0.57312846,0.24532723,0.53232265,0.7291681,0.5729105,0.28227422,0.49240553,0.48579514,0.58690387,0.46846774,0.29237866,0.5317768,0.24918824,0.4808092,0.56659526,0.45959884,0.4950964,0.73430634,0.35639358,0.5725408,0.3326338,0.5720481,0.28327882,0.7364467,0.4828247,0.3716631,0.37119746,0.269734,0.34106496
RCIP0025,0.84518874,0.23947123,0.928115,0.17687917,0.4609728,0.2288306,0.9468054,0.19194427,0.53375685,1.0,0.2293179,0.45225006,0.72113377,0.24147066,0.3211338,0.3252595,0.32405636,0.27802545,0.8399594,0.19296685,0.9290856,0.33176786,0.44922027,0.46763742,0.1829569,0.4490184,0.24480945,0.3141994,0.88621175,0.48125327,0.4673982,0.9403608,0.9426411,0.9988992,0.76712275,0.48125327,0.45736325,0.24273258,0.9060173,0.48125327,0.21697524,0.20962009,0.22707045,0.939165,0.9987203,0.93469197,0.4683803,0.1792399,0.22804928,0.9350418,0.48125327,0.1872181,0.18302023,0.23429653,0.21268922,0.44462496,0.99829566,0.45871472,0.3381608,0.9275041,0.72067314,0.324097,0.21825415,0.4550968,0.8705469,0.45270932,0.8603842,0.49023134,0.22591004,0.18722019,0.20350134,0.20139813,0.46787426,0.27953517
RCIP0028,0.4515218,0.9397649,0.34093973,0.7621676,0.29177988,0.9967133,0.24699807,0.7969874,0.7193389,0.2293179,1.0,0.33712804,0.20925254,0.5572487,0.5110087,0.5052787,0.5103541,0.5480187,0.47264653,0.58061236,0.35267115,0.5020261,0.30198443,0.32828352,0.65315795,0.34258947,0.9297156,0.5061711,0.39853096,0.2633086,0.3100532,0.24242494,0.24229094,0.21887663,0.52277094,0.2633086,0.3397316,0.99559635,0.37850693,0.2633086,0.9642488,0.58681,0.99713695,0.24286431,0.22261629,0.34158218,0.27320638,0.7604273,0.9971301,0.34026018,0.2633086,0.64543545,0.64478004,0.80076766,0.58556306,0.34271705,0.22127512,0.30911195,0.487536,0.2829206,0.21112683,0.518599,0.9372653,0.28759992,0.4110874,0.28305152,0.42368355,0.30778468,0.9345411,0.64051384,0.57989883,0.57742536,0.29219657,0.51038927
RCIP0030,0.36232018,0.39940047,0.37948656,0.2322245,0.8901496,0.3270637,0.49016377,0.40150517,0.29836014,0.45225006,0.33712804,1.0,0.6430112,0.30052388,0.27955154,0.2798372,0.27771026,0.2913723,0.37291437,0.38179815,0.37699088,0.2784723,0.4623178,0.99624425,0.27839226,0.99787587,0.3489113,0.28478447,0.39215592,0.8862744,0.9820143,0.50057113,0.4965159,0.4604569,0.39163578,0.8862744,0.9964563,0.3308336,0.35547832,0.8862744,0.3695411,0.3142057,0.3334426,0.49762273,0.45598012,0.38530064,0.8809491,0.2294161,0.33295342,0.38575393,0.8862744,0.27881822,0.28641713,0.30008742,0.31291056,0.9973247,0.45628846,0.97785795,0.28664535,0.37133995,0.64141214,0.28311798,0.33282983,0.46976307,0.38093582,0.48277304,0.3867972,0.98957986,0.33193213,0.28599575,0.3763616,0.37822843,0.8857907,0.5596841
RCIP0034,0.5712606,0.21818042,0.6327274,0.20162699,0.6391258,0.20377919,0.7203775,0.29888293,0.4603039,0.72113377,0.20925254,0.6430112,1.0,0.361646,0.3501901,0.35650992,0.3539375,0.33587536,0.5671949,0.33363008,0.6269647,0.3531354,0.521709,0.64646924,0.2933128,0.6337178,0.1945222,0.35639545,0.62201726,0.67402875,0.6742904,0.7235068,0.7216906,0.73053205,0.60103893,0.67402875,0.63765556,0.20707178,0.60389894,0.67402875,0.19859046,0.33128494,0.20668986,0.72291386,0.7310598,0.6343701,0.6823377,0.20812306,0.20623997,0.6335554,0.67402875,0.30057994,0.3007694,0.20825377,0.33107227,0.6355084,0.732508,0.6639551,0.36680198,0.6559848,0.9989619,0.3294953,0.19523162,0.53256446,0.60568106,0.5369625,0.59217083,0.674065,0.19632956,0.30369008,0.32692635,0.32524648,0.6461241,0.46513033
RCIP0035,0.29233962,0.50960135,0.2346504,0.8377404,0.3164224,0.5643426,0.27018243,0.6412505,0.45248097,0.24147066,0.5572487,0.30052388,0.361646,1.0,0.82791185,0.8283871,0.82884276,0.8254735,0.27691773,0.816535,0.22152442,0.81895584,0.6855603,0.297285,0.97299355,0.30066502,0.57248586,0.8312558,0.26825398,0.32031435,0.3019597,0.27650756,0.2738471,0.24165514,0.35371885,0.32031435,0.29104066,0.55594736,0.23644143,0.32031435,0.55399126,0.98203856,0.56262374,0.27811828,0.24276581,0.21953776,0.33548158,0.8429419,0.56296337,0.22021914,0.32031435,0.9721147,0.9717452,0.70490324,0.981634,0.30630112,0.24218002,0.31123197,0.81994194,0.3285851,0.35820127,0.82855046,0.6030532,0.6878921,0.28191376,0.6815636,0.27921227,0.28547886,0.5959697,0.97215664,0.80308443,0.804716,0.30755892,0.74349076
RCIP0036,0.23836339,0.5121246,0.2944789,0.80665934,0.37800568,0.5188077,0.2537464,0.47243133,0.485687,0.3211338,0.5110087,0.27955154,0.3501901,0.82791185,1.0,0.99966824,0.99936485,0.971453,0.21397755,0.74961615,0.28867704,0.9967107,0.8475896,0.2676349,0.82401896,0.2794514,0.5434112,0.9942657,0.215752,0.3806751,0.27043125,0.24642283,0.24368754,0.32260212,0.39680335,0.3806751,0.2774914,0.519575,0.29712066,0.3806751,0.4910197,0.83406585,0.5257071,0.24315852,0.31602055,0.28462815,0.36028206,0.80446327,0.5261096,0.2849971,0.3806751,0.820736,0.8143752,0.6564649,0.833678,0.28566432,0.32028764,0.28771672,0.9969764,0.35717645,0.35441607,0.97929645,0.5658393,0.8505976,0.22085062,0.8282839,0.2158097,0.2506581,0.5655447,0.81144285,0.7409324,0.7446035,0.3626511,0.58384085
RCIP0037,0.2382853,0.50809026,0.29557472,0.80247116,0.37662625,0.5135634,0.25833526,0.46570155,0.48774958,0.3252595,0.5052787,0.2798372,0.35650992,0.8283871,0.99966824,1.0,0.9998315,0.97059083,0.2133916,0.74897283,0.2906513,0.9965097,0.8505033,0.2678926,0.82251906,0.27883965,0.541463,0.9942565,0.21718395,0.38158777,0.27011508,0.25142965,0.2484678,0.32721585,0.40039152,0.38158777,0.27726603,0.5147378,0.29863387,0.38158777,0.48656452,0.83386385,0.52079356,0.24820301,0.32071003,0.28681844,0.35989758,0.8003821,0.5211818,0.28721356,0.38158777,0.81883466,0.81201106,0.6512077,0.83338165,0.28510246,0.32507637,0.28670403,0.99712765,0.3626503,0.35998577,0.97887754,0.5638829,0.8544567,0.22226408,0.8315709,0.21573439,0.2505523,0.5638437,0.80911493,0.7392105,0.74310875,0.3610379,0.5848684
RCIP0038,0.23924816,0.51304084,0.2950021,0.8047583,0.37176865,0.519223,0.2579283,0.46561897,0.49356338,0.32405636,0.5103541,0.27771026,0.3539375,0.82884276,0.99936485,0.9998315,1.0,0.97005105,0.21442467,0.7487749,0.2905752,0.995941,0.8468199,0.2657693,0.82420814,0.2763186,0.5475458,0.9938761,0.2177229,0.37732774,0.26620585,0.2511235,0.24792328,0.3259094,0.40359813,0.37732774,0.27498642,0.520692,0.29865873,0.37732774,0.49160287,0.83508414,0.52644575,0.24782509,0.31948417,0.28654855,0.35396585,0.80262566,0.5268571,0.28699696,0.37732774,0.8199617,0.81287324,0.6536628,0.8345581,0.28260362,0.32389572,0.28239712,0.99664927,0.3631903,0.35715583,0.97922075,0.5699203,0.8510992,0.2229504,0.8275373,0.21604776,0.24711785,0.5700029,0.8098377,0.7383635,0.74234235,0.3558217,0.5841404
RCIP0039,0.1969594,0.54327583,0.24803796,0.8282387,0.39600396,0.5511701,0.19078666,0.5382161,0.49346566,0.27802545,0.5480187,0.2913723,0.33587536,0.8254735,0.971453,0.97059083,0.97005105,1.0,0.18539488,0.76019263,0.25186774,0.9766312,0.8357004,0.2789526,0.8322741,0.2942647,0.58075887,0.9790741,0.17696661,0.40427035,0.28841466,0.18584073,0.18542689,0.2830182,0.38300818,0.40427035,0.29317397,0.55340874,0.26508796,0.40427035,0.5346165,0.83875734,0.56204545,0.18528911,0.2780391,0.24729005,0.3950904,0.82529694,0.5619315,0.24783802,0.40427035,0.8342905,0.826939,0.6925031,0.83750105,0.2978523,0.28303874,0.30709502,0.9707297,0.30568713,0.34061766,0.9680791,0.6012214,0.81937385,0.18508098,0.8063934,0.17865527,0.2667169,0.597826,0.82454515,0.75418043,0.75837725,0.38369423,0.6024824
RCIP0040,0.9884996,0.44661167,0.89945024,0.31855208,0.31410974,0.47565502,0.87464786,0.4834533,0.59913516,0.8399594,0.47264653,0.37291437,0.5671949,0.27691773,0.21397755,0.2133916,0.21442467,0.18539488,1.0,0.2617175,0.89581436,0.21194276,0.2144599,0.3974065,0.2747854,0.37406865,0.44876388,0.19850558,0.9869834,0.31121856,0.3832113,0.8682016,0.88013566,0.8327334,0.6957164,0.31121856,0.37433308,0.47331828,0.8957819,0.31121856,0.4737393,0.25399965,0.4618674,0.8769233,0.8369448,0.89500105,0.32166517,0.3238911,0.46227717,0.89482355,0.31121856,0.2785625,0.27926865,0.4260642,0.25577962,0.3650551,0.8354003,0.3710419,0.21376085,0.84071195,0.5682098,0.21466291,0.43437544,0.21744925,0.9867631,0.2268658,0.9937736,0.40875542,0.43679172,0.28334612,0.27710634,0.27213868,0.33141154,0.30046007
RCIP0041,0.2707222,0.56661713,0.206936,0.87359357,0.4220127,0.5860709,0.19369575,0.70091957,0.38002095,0.19296685,0.58061236,0.38179815,0.33363008,0.816535,0.74961615,0.74897283,0.7487749,0.76019263,0.2617175,1.0,0.20286813,0.7409545,0.73934615,0.37928236,0.8249204,0.39109492,0.5766759,0.75428903,0.24758807,0.41461694,0.38282186,0.20723492,0.20685238,0.19432405,0.21510714,0.41461694,0.38553935,0.5718528,0.21076435,0.41461694,0.60052884,0.82865834,0.5835245,0.20987049,0.19339928,0.20326918,0.43515643,0.8757177,0.58376336,0.20398897,0.41461694,0.8215548,0.82513416,0.71433043,0.83029777,0.3955914,0.1928308,0.39214537,0.7389576,0.24875945,0.33181703,0.74160826,0.6091653,0.7371469,0.25931853,0.7453139,0.26320598,0.36507288,0.60641325,0.8240707,0.9963726,0.9967952,0.41188198,0.71479654
RCIP0042,0.8989499,0.36253074,0.9904041,0.26307774,0.38617325,0.35977864,0.9213065,0.31070024,0.5803334,0.9290856,0.35267115,0.37699088,0.6269647,0.22152442,0.28867704,0.2906513,0.2905752,0.25186774,0.89581436,0.20286813,1.0,0.30175,0.31872994,0.38525447,0.20500994,0.37110662,0.36848792,0.2810672,0.92507815,0.39699852,0.38905695,0.9082612,0.91303205,0.92464197,0.73321056,0.39699852,0.38250488,0.36419332,0.99540365,0.39699852,0.35495973,0.20537102,0.3516351,0.91004264,0.92854166,0.9995003,0.3912852,0.26312265,0.35212022,0.9994333,0.39699852,0.21077117,0.20456943,0.31630376,0.20682159,0.36514062,0.9274762,0.3801463,0.30027023,0.9201306,0.6265166,0.29651576,0.339895,0.33041725,0.9183501,0.32081622,0.908861,0.40677112,0.34932655,0.20804006,0.21674481,0.2145164,0.39861864,0.23209137
RCIP0043,0.23300618,0.49984628,0.3043741,0.7988508,0.381563,0.50993097,0.25880155,0.46648645,0.48309153,0.33176786,0.5020261,0.2784723,0.3531354,0.81895584,0.9967107,0.9965097,0.995941,0.9766312,0.21194276,0.7409545,0.30175,1.0,0.8543856,0.26493052,0.81214637,0.27855957,0.5362345,0.99632746,0.21604589,0.38611317,0.27175075,0.25224257,0.2491301,0.33368734,0.4026543,0.38611317,0.277834,0.5105844,0.310424,0.38611317,0.48157126,0.8241345,0.5165354,0.24847984,0.32754597,0.2976303,0.3701338,0.7958232,0.5169137,0.29822886,0.38611317,0.8094131,0.8023541,0.6555821,0.824075,0.28393716,0.33185345,0.28956515,0.99772656,0.36767304,0.35743666,0.9820427,0.55734307,0.8551401,0.22195184,0.8356222,0.21483815,0.25145307,0.55781245,0.7996596,0.73366624,0.7375722,0.36732194,0.5825546
RCIP0044,0.23302251,0.31878054,0.3223433,0.5810511,0.5765126,0.29600117,0.36019996,0.3392604,0.3608921,0.44922027,0.30198443,0.4623178,0.521709,0.6855603,0.8475896,0.8505033,0.8468199,0.8357004,0.2144599,0.73934615,0.31872994,0.8543856,1.0,0.4561411,0.6319601,0.46795195,0.3337594,0.8525958,0.25063103,0.59327745,0.47479534,0.36376774,0.35800478,0.45777962,0.38037962,0.59327745,0.46611443,0.3064419,0.3023623,0.59327745,0.28992248,0.68169767,0.3109004,0.3565428,0.44809186,0.32575288,0.58735526,0.57908046,0.3111665,0.3258202,0.59327745,0.6348553,0.6321099,0.4611111,0.68120915,0.4721176,0.4512204,0.490359,0.8583156,0.44119442,0.5244529,0.8318851,0.3540307,0.98801076,0.24392062,0.9873154,0.23398733,0.45587105,0.35360408,0.63136685,0.73597133,0.7402365,0.56306946,0.5817223
RCIP0045,0.38501656,0.38905147,0.388895,0.22673604,0.8849815,0.31739375,0.505725,0.40005705,0.30076838,0.46763742,0.32828352,0.99624425,0.64646924,0.297285,0.2676349,0.2678926,0.2657693,0.2789526,0.3974065,0.37928236,0.38525447,0.26493052,0.4561411,1.0,0.2738105,0.9956448,0.33953178,0.2720234,0.4143172,0.8815913,0.9780011,0.51756364,0.5152766,0.4757691,0.399464,0.8815913,0.99529123,0.3221985,0.36215946,0.8815913,0.3607315,0.3101868,0.32406455,0.51591724,0.470764,0.3939589,0.8728391,0.22511563,0.32361856,0.39454487,0.8815913,0.27398413,0.28191048,0.29502854,0.30854857,0.99468684,0.47139144,0.97322595,0.274494,0.3834095,0.64521754,0.27098617,0.32357612,0.46113053,0.4016514,0.47667274,0.41021788,0.99064803,0.3221143,0.28186965,0.37448943,0.37586892,0.88126004,0.5532996
RCIP0046,0.28457305,0.60549986,0.21249321,0.8953401,0.29673666,0.66207784,0.21175402,0.7100101,0.4951455,0.1829569,0.65315795,0.27839226,0.2933128,0.97299355,0.82401896,0.82251906,0.82420814,0.8322741,0.2747854,0.8249204,0.20500994,0.81214637,0.6319601,0.2738105,1.0,0.27994013,0.66435474,0.8254102,0.24659687,0.29281294,0.27184725,0.21463653,0.21457106,0.18020394,0.34217113,0.29281294,0.2705939,0.65114176,0.22677588,0.29281294,0.65083706,0.9828302,0.6588581,0.21794641,0.18167895,0.19975948,0.3021922,0.8992677,0.65897524,0.20013961,0.29281294,0.9958694,0.9949379,0.761233,0.9821832,0.2855593,0.18115324,0.2818329,0.80995065,0.27819854,0.2913154,0.83264756,0.69482946,0.6270463,0.26185754,0.61625516,0.26477197,0.25727716,0.6873551,0.9944822,0.81312,0.81422365,0.28912485,0.71080697
RCIP0047,0.3619788,0.40295315,0.3762504,0.23994762,0.89411193,0.3303448,0.48196238,0.40895313,0.29160234,0.4490184,0.34258947,0.99787587,0.6337178,0.30066502,0.2794514,0.27883965,0.2763186,0.2942647,0.37406865,0.39109492,0.37110662,0.27855957,0.46795195,0.9956448,0.27994013,1.0,0.34377897,0.28418416,0.3903832,0.88690186,0.98165977,0.49278492,0.48943403,0.45651975,0.38548216,0.88690186,0.99727815,0.33424956,0.3486179,0.88690186,0.3731029,0.31599683,0.33677346,0.4898226,0.45140377,0.37974393,0.88421553,0.23715252,0.33632666,0.38008577,0.88690186,0.28134727,0.2899099,0.30584416,0.31511438,0.99895203,0.45146048,0.978643,0.28600395,0.3652223,0.6335571,0.28377122,0.32838276,0.47152075,0.3787219,0.48778248,0.38735056,0.9895484,0.32682356,0.28953716,0.3884365,0.38978598,0.8903767,0.5587928
RCIP0048,0.4353748,0.94763774,0.34109545,0.7455943,0.2599543,0.937413,0.27764547,0.7506394,0.73850894,0.24480945,0.9297156,0.3489113,0.1945222,0.57248586,0.5434112,0.541463,0.5475458,0.58075887,0.44876388,0.5766759,0.36848792,0.5362345,0.3337594,0.33953178,0.66435474,0.34377897,1.0,0.5419464,0.38466078,0.24569175,0.30125186,0.2702698,0.27060428,0.23932046,0.5232789,0.24569175,0.34697622,0.9390059,0.39418322,0.24569175,0.9586708,0.6098231,0.9397281,0.27406263,0.24346933,0.35717738,0.23943514,0.7408576,0.93940413,0.35724002,0.24569175,0.6520804,0.6470209,0.80187255,0.6076484,0.3434059,0.24505329,0.29635152,0.5252539,0.30409616,0.19074681,0.56557184,0.98938817,0.32797718,0.39668214,0.3126436,0.39913937,0.30632478,0.9894477,0.64268786,0.5662151,0.56836617,0.25574782,0.5059343
RCIP0049,0.21924624,0.5016124,0.28469205,0.80429935,0.3886335,0.51436144,0.24462578,0.47766778,0.48121798,0.3141994,0.5061711,0.28478447,0.35639545,0.8312558,0.9942657,0.9942565,0.9938761,0.9790741,0.19850558,0.75428903,0.2810672,0.99632746,0.8525958,0.2720234,0.8254102,0.28418416,0.5419464,1.0,0.20268136,0.39489862,0.27860752,0.24016511,0.23577249,0.31671828,0.38849697,0.39489862,0.2836482,0.5148206,0.29114485,0.39489862,0.48511964,0.8364532,0.5211809,0.2358014,0.3112386,0.27674854,0.37773573,0.80199665,0.5214975,0.27773184,0.39489862,0.82099545,0.8142004,0.65935826,0.8366198,0.2900054,0.31567204,0.2962425,0.9957099,0.35184076,0.35982895,0.98153114,0.5641655,0.85220265,0.21015173,0.8343779,0.201558,0.25736696,0.5631465,0.8113183,0.7446577,0.74894387,0.37360972,0.6032782
RCIP0050,0.9852891,0.3825379,0.93053937,0.27137858,0.34137142,0.4042865,0.91983604,0.41848007,0.5746957,0.88621175,0.39853096,0.39215592,0.62201726,0.26825398,0.215752,0.21718395,0.2177229,0.17696661,0.9869834,0.24758807,0.92507815,0.21604589,0.25063103,0.4143172,0.24659687,0.3903832,0.38466078,0.20268136,1.0,0.345812,0.406418,0.91593957,0.92473304,0.8809242,0.6978104,0.345812,0.3932468,0.40130985,0.9185095,0.345812,0.401291,0.23893717,0.3890836,0.9225167,0.8847939,0.9262167,0.35462934,0.27566642,0.3896408,0.92644525,0.345812,0.24983236,0.24951592,0.36558044,0.24151742,0.38244373,0.883026,0.39294067,0.2207028,0.8898593,0.6204285,0.21511203,0.3692907,0.2610844,0.9967806,0.26878828,0.9948023,0.4294054,0.3734985,0.25405163,0.26147494,0.25727522,0.3572772,0.30622205
RCIP0054,0.31388792,0.30351353,0.4059865,0.25842974,0.9926066,0.24822485,0.45210543,0.36397284,0.28227422,0.48125327,0.2633086,0.8862744,0.67402875,0.32031435,0.3806751,0.38158777,0.37732774,0.40427035,0.31121856,0.41461694,0.39699852,0.38611317,0.59327745,0.8815913,0.29281294,0.88690186,0.24569175,0.39489862,0.345812,1.0,0.91290116,0.4603785,0.45543098,0.49046856,0.3614052,1.0,0.8854752,0.2507996,0.38115817,1.0,0.2632673,0.31696805,0.2584957,0.45389014,0.48672786,0.40462732,0.9717914,0.25455582,0.2574726,0.40448126,1.0,0.29387563,0.29835826,0.24636573,0.31618106,0.88700205,0.4866036,0.91730183,0.39204523,0.4209661,0.6758481,0.3659432,0.24479333,0.58576375,0.33451998,0.6003794,0.33405352,0.90125424,0.24109954,0.29832357,0.416484,0.41769847,0.99069864,0.5159557
RCIP0055,0.37009716,0.35027784,0.39187256,0.21430159,0.9190231,0.29597697,0.4965815,0.42596334,0.2605348,0.4673982,0.3100532,0.9820143,0.6742904,0.3019597,0.27043125,0.27011508,0.26620585,0.28841466,0.3832113,0.38282186,0.38905695,0.27175075,0.47479534,0.9780011,0.27184725,0.98165977,0.30125186,0.27860752,0.406418,0.91290116,1.0,0.5090836,0.5045172,0.4762482,0.3672961,0.91290116,0.97788584,0.29558244,0.370273,0.91290116,0.33116475,0.30288815,0.30150786,0.5049885,0.473849,0.3979461,0.9271264,0.21213621,0.3006746,0.39804322,0.91290116,0.27668327,0.28582975,0.2805711,0.30221447,0.9820409,0.4726918,0.9982909,0.27894354,0.38035104,0.6739247,0.26428524,0.28968346,0.47877476,0.3973278,0.50000054,0.40358067,0.9913568,0.2876654,0.2865477,0.3817476,0.3829774,0.9185859,0.57264495
RCIP0056,0.86781704,0.2539317,0.9094883,0.15993512,0.44435656,0.24652377,0.99578685,0.23284775,0.5256034,0.9403608,0.24242494,0.50057113,0.7235068,0.27650756,0.24642283,0.25142965,0.2511235,0.18584073,0.8682016,0.20723492,0.9082612,0.25224257,0.36376774,0.51756364,0.21463653,0.49278492,0.2702698,0.24016511,0.91593957,0.4603785,0.5090836,1.0,0.99759346,0.9407125,0.72844803,0.4603785,0.49737033,0.25428855,0.889204,0.4603785,0.24391383,0.24694097,0.2388669,0.9978795,0.9402422,0.9147879,0.46230385,0.16193548,0.23975381,0.91584563,0.4603785,0.21294814,0.21355632,0.22713974,0.24824259,0.48962528,0.9387813,0.4957756,0.2656553,0.9186608,0.71843565,0.25306922,0.24358153,0.39053303,0.9055098,0.39009607,0.8956157,0.5293226,0.25084597,0.2169922,0.2088955,0.2082474,0.4507765,0.34894973
RCIP0058,0.8795849,0.25367644,0.9145253,0.16247845,0.43910775,0.2458314,0.99593925,0.2445049,0.52681476,0.9426411,0.24229094,0.4965159,0.7216906,0.2738471,0.24368754,0.2484678,0.24792328,0.18542689,0.88013566,0.20685238,0.91303205,0.2491301,0.35800478,0.5152766,0.21457106,0.48943403,0.27060428,0.23577249,0.92473304,0.45543098,0.5045172,0.99759346,1.0,0.94313174,0.73138356,0.45543098,0.49399912,0.25281882,0.8940986,0.45543098,0.24646151,0.24457717,0.2375831,0.99955475,0.942197,0.91947556,0.45711064,0.16547644,0.23841614,0.9204004,0.45543098,0.21375072,0.2139915,0.22917068,0.24592316,0.48534855,0.94133115,0.49094918,0.26155257,0.92123187,0.7170663,0.24943691,0.24381548,0.38231105,0.9134213,0.3832694,0.90563345,0.52860594,0.25082076,0.21801889,0.21006557,0.20875567,0.44739863,0.34352264
RCIP0059,0.8368532,0.23298705,0.9218575,0.17075637,0.46749455,0.21782014,0.9464601,0.18717936,0.5268753,0.9988992,0.21887663,0.4604569,0.73053205,0.24165514,0.32260212,0.32721585,0.3259094,0.2830182,0.8327334,0.19432405,0.92464197,0.33368734,0.45777962,0.4757691,0.18020394,0.45651975,0.23932046,0.31671828,0.8809242,0.49046856,0.4762482,0.9407125,0.94313174,1.0,0.7608882,0.49046856,0.46457455,0.23259783,0.9016541,0.49046856,0.20935723,0.20993543,0.21752447,0.9401268,0.9992011,0.9307036,0.47894526,0.1729472,0.21841168,0.93112016,0.49046856,0.18471286,0.18015695,0.22386163,0.21260566,0.45194268,0.99936503,0.46757045,0.34057713,0.92515564,0.7294771,0.3250234,0.21218953,0.464131,0.8651631,0.46204266,0.8536241,0.49813122,0.21952114,0.1843909,0.20360109,0.20202342,0.47379646,0.28682178
RCIP0060,0.6895063,0.48872453,0.7185824,0.32945096,0.34218207,0.5224848,0.7380055,0.29368985,0.838558,0.76712275,0.52277094,0.39163578,0.60103893,0.35371885,0.39680335,0.40039152,0.40359813,0.38300818,0.6957164,0.21510714,0.73321056,0.4026543,0.38037962,0.399464,0.34217113,0.38548216,0.5232789,0.38849697,0.6978104,0.3614052,0.3672961,0.72844803,0.73138356,0.7608882,1.0,0.3614052,0.39340264,0.5451209,0.7178105,0.3614052,0.47379997,0.35075524,0.52679914,0.7276618,0.7605597,0.73380685,0.336602,0.33064312,0.5273455,0.73348457,0.3614052,0.34667784,0.34033853,0.39180174,0.3511115,0.38438243,0.7615062,0.3583723,0.40498665,0.7373059,0.6040858,0.4086234,0.4987331,0.37333053,0.68409944,0.35466033,0.6844806,0.40013814,0.50622004,0.3413868,0.21617863,0.21568865,0.34554535,0.32416448
RCIP0061,0.31388792,0.30351353,0.4059865,0.25842974,0.9926066,0.24822485,0.45210543,0.36397284,0.28227422,0.48125327,0.2633086,0.8862744,0.67402875,0.32031435,0.3806751,0.38158777,0.37732774,0.40427035,0.31121856,0.41461694,0.39699852,0.38611317,0.59327745,0.8815913,0.29281294,0.88690186,0.24569175,0.39489862,0.345812,1.0,0.91290116,0.4603785,0.45543098,0.49046856,0.3614052,1.0,0.8854752,0.2507996,0.38115817,1.0,0.2632673,0.31696805,0.2584957,0.45389014,0.48672786,0.40462732,0.9717914,0.25455582,0.2574726,0.40448126,1.0,0.29387563,0.29835826,0.24636573,0.31618106,0.88700205,0.4866036,0.91730183,0.39204523,0.4209661,0.6758481,0.3659432,0.24479333,0.58576375,0.33451998,0.6003794,0.33405352,0.90125424,0.24109954,0.29832357,0.416484,0.41769847,0.99069864,0.5159557
RCIP0063,0.36366856,0.40285972,0.38572496,0.23751625,0.8905206,0.3289273,0.4873712,0.39974028,0.30121177,0.45736325,0.3397316,0.9964563,0.63765556,0.29104066,0.2774914,0.27726603,0.27498642,0.29317397,0.37433308,0.38553935,0.38250488,0.277834,0.46611443,0.99529123,0.2705939,0.99727815,0.34697622,0.2836482,0.3932468,0.8854752,0.97788584,0.49737033,0.49399912,0.46457455,0.39340264,0.8854752,1.0,0.333273,0.3590049,0.8854752,0.37095273,0.3075388,0.33531892,0.49449497,0.4600325,0.39081067,0.8788851,0.23469612,0.33492798,0.39141202,0.8854752,0.2718451,0.27953315,0.30579007,0.30642155,0.9970783,0.46023023,0.97381526,0.28469038,0.37382153,0.6368258,0.2852203,0.33019364,0.47004554,0.38146842,0.48560914,0.3881012,0.9878967,0.32958585,0.2790415,0.38248897,0.38375923,0.88672775,0.55051523
RCIP0064,0.45311376,0.94242245,0.34936056,0.7596741,0.27518007,0.9956652,0.2590255,0.7709764,0.73821896,0.24273258,0.99559635,0.3308336,0.20707178,0.55594736,0.519575,0.5147378,0.520692,0.55340874,0.47331828,0.5718528,0.36419332,0.5105844,0.3064419,0.3221985,0.65114176,0.33424956,0.9390059,0.5148206,0.40130985,0.2507996,0.29558244,0.25428855,0.25281882,0.23259783,0.5451209,0.2507996,0.333273,1.0,0.38882852,0.2507996,0.96263754,0.5882607,0.9987314,0.25350848,0.2361803,0.35290667,0.25266224,0.7576585,0.99885654,0.3516922,0.2507996,0.6414418,0.63888174,0.7954713,0.5865202,0.33451438,0.23559514,0.29348302,0.49641597,0.29796356,0.20799682,0.5292664,0.94554913,0.29388532,0.41330084,0.28392485,0.4234279,0.29583,0.94380844,0.6342704,0.56774676,0.56593764,0.27335554,0.50122124
RCIP0067,0.8985748,0.3820949,0.98596025,0.28880453,0.37138617,0.38628346,0.903262,0.34563464,0.5842265,0.9060173,0.37850693,0.35547832,0.60389894,0.23644143,0.29712066,0.29863387,0.29865873,0.26508796,0.8957819,0.21076435,0.99540365,0.310424,0.3023623,0.36215946,0.22677588,0.3486179,0.39418322,0.29114485,0.9185095,0.38115817,0.370273,0.889204,0.8940986,0.9016541,0.7178105,0.38115817,0.3590049,0.38882852,1.0,0.38115817,0.38061208,0.21941647,0.37784863,0.8915375,0.9067071,0.99365795,0.37735736,0.2891866,0.37814862,0.99342024,0.38115817,0.23271051,0.22603953,0.3414935,0.22004879,0.34247044,0.90561795,0.36260837,0.307066,0.9068613,0.6035556,0.3049085,0.3666647,0.31405932,0.91624343,0.30311275,0.9065261,0.38477796,0.3750493,0.22942626,0.22425014,0.22219571,0.38477027,0.2393407
RCIP0068,0.31388792,0.30351353,0.4059865,0.25842974,0.9926066,0.24822485,0.45210543,0.36397284,0.28227422,0.48125327,0.2633086,0.8862744,0.67402875,0.32031435,0.3806751,0.38158777,0.37732774,0.40427035,0.31121856,0.41461694,0.39699852,0.38611317,0.59327745,0.8815913,0.29281294,0.88690186,0.24569175,0.39489862,0.345812,1.0,0.91290116,0.4603785,0.45543098,0.49046856,0.3614052,1.0,0.8854752,0.2507996,0.38115817,1.0,0.2632673,0.31696805,0.2584957,0.45389014,0.48672786,0.40462732,0.9717914,0.25455582,0.2574726,0.40448126,1.0,0.29387563,0.29835826,0.24636573,0.31618106,0.88700205,0.4866036,0.91730183,0.39204523,0.4209661,0.6758481,0.3659432,0.24479333,0.58576375,0.33451998,0.6003794,0.33405352,0.90125424,0.24109954,0.29832357,0.416484,0.41769847,0.99069864,0.5159557
RCIP0069,0.45452145,0.9775493,0.338749,0.76485884,0.2883218,0.96731937,0.24897817,0.8303666,0.69408107,0.21697524,0.9642488,0.3695411,0.19859046,0.55399126,0.4910197,0.48656452,0.49160287,0.5346165,0.4737393,0.60052884,0.35495973,0.48157126,0.28992248,0.3607315,0.65083706,0.3731029,0.9586708,0.48511964,0.401291,0.2632673,0.33116475,0.24391383,0.24646151,0.20935723,0.47379997,0.2632673,0.37095273,0.96263754,0.38061208,0.2632673,1.0,0.58874595,0.96505004,0.24906793,0.21435693,0.3447026,0.2757954,0.7625009,0.9645312,0.34317327,0.2632673,0.6448297,0.6437909,0.82556415,0.58676845,0.3729003,0.21408084,0.326016,0.46516547,0.25804797,0.1965228,0.50407827,0.95606387,0.27862537,0.41502315,0.27446133,0.4244601,0.33462822,0.95441544,0.64000255,0.59729123,0.59682816,0.28980142,0.51844615
RCIP0072,0.26593107,0.5511928,0.21307158,0.8639417,0.31476647,0.59391034,0.24199516,0.6395164,0.4698187,0.20962009,0.58681,0.3142057,0.33128494,0.98203856,0.83406585,0.83386385,0.83508414,0.83875734,0.25399965,0.82865834,0.20537102,0.8241345,0.68169767,0.3101868,0.9828302,0.31599683,0.6098231,0.8364532,0.23893717,0.31696805,0.30288815,0.24694097,0.24457717,0.20993543,0.35075524,0.31696805,0.3075388,0.5882607,0.21941647,0.31696805,0.58874595,1.0,0.59440994,0.2487222,0.20935443,0.20281166,0.3240652,0.86724174,0.59475857,0.20378122,0.31696805,0.98293376,0.98209184,0.7177907,0.9990636,0.32192472,0.20935506,0.31252214,0.8257142,0.29564792,0.32828182,0.8523254,0.63765657,0.68048334,0.2524468,0.6688261,0.25224453,0.28847808,0.6310278,0.9815941,0.81449246,0.8166306,0.30387044,0.72336483
RCIP0074,0.4416918,0.9437274,0.33666086,0.76850504,0.28332502,0.99645567,0.2434541,0.7854644,0.72938263,0.22707045,0.99713695,0.3334426,0.20668986,0.56262374,0.5257071,0.52079356,0.52644575,0.56204545,0.4618674,0.5835245,0.3516351,0.5165354,0.3109004,0.32406455,0.6588581,0.33677346,0.9397281,0.5211809,0.3890836,0.2584957,0.30150786,0.2388669,0.2375831,0.21752447,0.52679914,0.2584957,0.33531892,0.9987314,0.37784863,0.2584957,0.96505004,0.59440994,1.0,0.23847133,0.22139427,0.34024906,0.26356322,0.76649547,0.999978,0.33894297,0.2584957,0.6500903,0.647849,0.80078715,0.5924413,0.33718994,0.22073376,0.30012783,0.50199234,0.28304768,0.20771632,0.5331974,0.9475414,0.29828984,0.4019134,0.28899664,0.41237587,0.2992869,0.94549775,0.643258,0.57974863,0.57812834,0.28188187,0.50651526
RCIP0077,0.87637424,0.25583613,0.91107786,0.16387078,0.43649024,0.24702951,0.9954034,0.2465643,0.52602345,0.939165,0.24286431,0.49762273,0.72291386,0.27811828,0.24315852,0.24820301,0.24782509,0.18528911,0.8769233,0.20987049,0.91004264,0.24847984,0.3565428,0.51591724,0.21794641,0.4898226,0.27406263,0.2358014,0.9225167,0.45389014,0.5049885,0.9978795,0.99955475,0.9401268,0.7276618,0.45389014,0.49449497,0.25350848,0.8915375,0.45389014,0.24906793,0.2487222,0.23847133,1.0,0.939427,0.91641563,0.45589235,0.16665661,0.23929423,0.9174658,0.45389014,0.21676418,0.21697268,0.22929865,0.24991143,0.4860469,0.93853575,0.49095947,0.26117057,0.91896045,0.717586,0.24974307,0.24666837,0.38191217,0.9117066,0.38250306,0.9027858,0.5284344,0.25370896,0.22091088,0.21209827,0.21108797,0.44433337,0.35049328
RCIP0078,0.8416294,0.23475683,0.92521083,0.17241013,0.46370655,0.22254884,0.94616234,0.19827133,0.5294849,0.9987203,0.22261629,0.45598012,0.7310598,0.24276581,0.31602055,0.32071003,0.31948417,0.2780391,0.8369448,0.19339928,0.92854166,0.32754597,0.44809186,0.470764,0.18167895,0.45140377,0.24346933,0.3112386,0.8847939,0.48672786,0.473849,0.9402422,0.942197,0.9992011,0.7605597,0.48672786,0.4600325,0.2361803,0.9067071,0.48672786,0.21435693,0.20935443,0.22139427,0.939427,1.0,0.9341502,0.47652254,0.17493123,0.22223064,0.9345429,0.48672786,0.186685,0.18211743,0.23241252,0.2121183,0.44712317,0.9996535,0.4645884,0.3335533,0.92434436,0.7296275,0.3196884,0.21660796,0.45452237,0.8702029,0.45254138,0.85788125,0.49476933,0.22401324,0.1863966,0.20248538,0.20094553,0.47071505,0.28847712
RCIP0079,0.8980741,0.3527457,0.99010324,0.25456747,0.39318442,0.34793538,0.92696345,0.30188113,0.57312846,0.93469197,0.34158218,0.38530064,0.6343701,0.21953776,0.28462815,0.28681844,0.28654855,0.24729005,0.89500105,0.20326918,0.9995003,0.2976303,0.32575288,0.3939589,0.19975948,0.37974393,0.35717738,0.27674854,0.9262167,0.40462732,0.3979461,0.9147879,0.91947556,0.9307036,0.73380685,0.40462732,0.39081067,0.35290667,0.99365795,0.40462732,0.3447026,0.20281166,0.34024906,0.91641563,0.9341502,1.0,0.40057826,0.2546221,0.3407308,0.99989253,0.40462732,0.20605963,0.20011881,0.30613863,0.20418471,0.37371263,0.9330151,0.38907486,0.29672062,0.92383695,0.6338297,0.29152218,0.3285368,0.33747852,0.9188906,0.32854903,0.90930974,0.41579095,0.33799726,0.20377356,0.21737462,0.21525052,0.40548632,0.23474526
RCIP0081,0.3129234,0.29601246,0.39383847,0.25963157,0.9720104,0.25476038,0.44957572,0.42014867,0.24532723,0.4683803,0.27320638,0.8809491,0.6823377,0.33548158,0.36028206,0.35989758,0.35396585,0.3950904,0.32166517,0.43515643,0.3912852,0.3701338,0.58735526,0.8728391,0.3021922,0.88421553,0.23943514,0.37773573,0.35462934,0.9717914,0.9271264,0.46230385,0.45711064,0.47894526,0.336602,0.9717914,0.8788851,0.25266224,0.37735736,0.9717914,0.2757954,0.3240652,0.26356322,0.45589235,0.47652254,0.40057826,1.0,0.25548995,0.26218313,0.40030774,0.9717914,0.30874586,0.3164782,0.25984254,0.32406363,0.88441074,0.4750406,0.9345084,0.37310278,0.3996101,0.6851884,0.33838767,0.23964572,0.5793544,0.3464203,0.60407525,0.3474968,0.90598017,0.23635226,0.31758338,0.44144097,0.44351217,0.9734344,0.5639804
RCIP0082,0.32803556,0.7244843,0.26388207,0.998629,0.26918682,0.7684665,0.16226876,0.77070385,0.53232265,0.1792399,0.7604273,0.2294161,0.20812306,0.8429419,0.80446327,0.8003821,0.80262566,0.82529694,0.3238911,0.8757177,0.26312265,0.7958232,0.57908046,0.22511563,0.8992677,0.23715252,0.7408576,0.80199665,0.27566642,0.25455582,0.21213621,0.16193548,0.16547644,0.1729472,0.33064312,0.25455582,0.23469612,0.7576585,0.2891866,0.25455582,0.7625009,0.86724174,0.76649547,0.16665661,0.17493123,0.2546221,0.25548995,1.0,0.76684755,0.25453877,0.25455582,0.89907885,0.89690447,0.8451337,0.86650914,0.24055651,0.17494762,0.22258323,0.78493154,0.24891141,0.21030015,0.8098986,0.767316,0.5633131,0.2919628,0.55240834,0.30230805,0.20229247,0.7640971,0.89512086,0.87570083,0.87424064,0.26302218,0.6190107
RCIP0083,0.4422077,0.94335216,0.33727044,0.7689048,0.28241983,0.99649096,0.24429792,0.7841102,0.7291681,0.22804928,0.9971301,0.33295342,0.20623997,0.56296337,0.5261096,0.5211818,0.5268571,0.5619315,0.46227717,0.58376336,0.35212022,0.5169137,0.3111665,0.32361856,0.65897524,0.33632666,0.93940413,0.5214975,0.3896408,0.2574726,0.3006746,0.23975381,0.23841614,0.21841168,0.5273455,0.2574726,0.33492798,0.99885654,0.37814862,0.2574726,0.9645312,0.59475857,0.999978,0.23929423,0.22223064,0.3407308,0.26218313,0.76684755,1.0,0.3394506,0.2574726,0.6500269,0.6477872,0.80066866,0.5928516,0.3367356,0.22155279,0.2992875,0.50244796,0.28409845,0.20727366,0.5338528,0.9471717,0.29872015,0.40240836,0.2893234,0.41284147,0.298634,0.9451803,0.64318085,0.5800203,0.5783454,0.2808702,0.506517
RCIP0085,0.89776266,0.3511732,0.989787,0.25473258,0.3928554,0.34684902,0.9277154,0.29988253,0.5729105,0.9350418,0.34026018,0.38575393,0.6335554,0.22021914,0.2849971,0.28721356,0.28699696,0.24783802,0.89482355,0.20398897,0.9994333,0.29822886,0.3258202,0.39454487,0.20013961,0.38008577,0.35724002,0.27773184,0.92644525,0.40448126,0.39804322,0.91584563,0.9204004,0.93112016,0.73348457,0.40448126,0.39141202,0.3516922,0.99342024,0.40448126,0.34317327,0.20378122,0.33894297,0.9174658,0.9345429,0.99989253,0.40030774,0.25453877,0.3394506,1.0,0.40448126,0.20613265,0.20020398,0.30568096,0.20529413,0.3740294,0.9334353,0.3892082,0.2976331,0.92475533,0.63294506,0.29283932,0.32822028,0.33763075,0.91927207,0.3290649,0.90941954,0.41599542,0.3377164,0.20384249,0.21805504,0.21602297,0.40490392,0.23742118
RCIP0086,0.31388792,0.30351353,0.4059865,0.25842974,0.9926066,0.24822485,0.45210543,0.36397284,0.28227422,0.48125327,0.2633086,0.8862744,0.67402875,0.32031435,0.3806751,0.38158777,0.37732774,0.40427035,0.31121856,0.41461694,0.39699852,0.38611317,0.59327745,0.8815913,0.29281294,0.88690186,0.24569175,0.39489862,0.345812,1.0,0.91290116,0.4603785,0.45543098,0.49046856,0.3614052,1.0,0.8854752,0.2507996,0.38115817,1.0,0.2632673,0.31696805,0.2584957,0.45389014,0.48672786,0.40462732,0.9717914,0.25455582,0.2574726,0.40448126,1.0,0.29387563,0.29835826,0.24636573,0.31618106,0.88700205,0.4866036,0.91730183,0.39204523,0.4209661,0.6758481,0.3659432,0.24479333,0.58576375,0.33451998,0.6003794,0.33405352,0.90125424,0.24109954,0.29832357,0.416484,0.41769847,0.99069864,0.5159557
RCIP0087,0.2877991,0.59577197,0.21812865,0.8947575,0.2977235,0.65265507,0.21164483,0.7165004,0.49240553,0.1872181,0.64543545,0.27881822,0.30057994,0.9721147,0.820736,0.81883466,0.8199617,0.8342905,0.2785625,0.8215548,0.21077117,0.8094131,0.6348553,0.27398413,0.9958694,0.28134727,0.6520804,0.82099545,0.24983236,0.29387563,0.27668327,0.21294814,0.21375072,0.18471286,0.34667784,0.29387563,0.2718451,0.6414418,0.23271051,0.29387563,0.6448297,0.98293376,0.6500903,0.21676418,0.186685,0.20605963,0.30874586,0.89907885,0.6500269,0.20613265,0.29387563,1.0,0.99899507,0.76309735,0.98158586,0.28693306,0.18582058,0.28764457,0.8061503,0.27571926,0.29953235,0.82898974,0.6825943,0.6257244,0.2653793,0.61524755,0.26963937,0.25988567,0.67472833,0.9990643,0.8125404,0.81377435,0.2916937,0.7050603
RCIP0088,0.2878217,0.59487665,0.21331668,0.8927145,0.3052425,0.65125436,0.21159488,0.72341,0.48579514,0.18302023,0.64478004,0.28641713,0.3007694,0.9717452,0.8143752,0.81201106,0.81287324,0.826939,0.27926865,0.82513416,0.20456943,0.8023541,0.6321099,0.28191048,0.9949379,0.2899099,0.6470209,0.8142004,0.24951592,0.29835826,0.28582975,0.21355632,0.2139915,0.18015695,0.34033853,0.29835826,0.27953315,0.63888174,0.22603953,0.29835826,0.6437909,0.98209184,0.647849,0.21697268,0.18211743,0.20011881,0.3164782,0.89690447,0.6477872,0.20020398,0.29835826,0.99899507,1.0,0.7675518,0.9806668,0.29571968,0.18075755,0.29716408,0.7997874,0.26776844,0.30018646,0.8223336,0.6773947,0.6238099,0.26505053,0.61501265,0.2710111,0.26831344,0.66910267,0.99974203,0.81689066,0.8180281,0.2993957,0.71030533
RCIP0089,0.42322046,0.7886687,0.31274945,0.84509933,0.27503443,0.81374156,0.23588604,0.84058106,0.58690387,0.23429653,0.80076766,0.30008742,0.20825377,0.70490324,0.6564649,0.6512077,0.6536628,0.6925031,0.4260642,0.71433043,0.31630376,0.6555821,0.4611111,0.29502854,0.761233,0.30584416,0.80187255,0.65935826,0.36558044,0.24636573,0.2805711,0.22713974,0.22917068,0.22386163,0.39180174,0.24636573,0.30579007,0.7954713,0.3414935,0.24636573,0.82556415,0.7177907,0.80078715,0.22929865,0.23241252,0.30613863,0.25984254,0.8451337,0.80066866,0.30568096,0.24636573,0.76309735,0.7675518,1.0,0.7168426,0.30623525,0.229983,0.28201777,0.64050275,0.25862294,0.20980024,0.68111265,0.8159212,0.45084807,0.38599288,0.4546767,0.39457542,0.2742722,0.8118901,0.7636459,0.71767443,0.71711874,0.2787291,0.55641115
RCIP0090,0.2682547,0.5490366,0.21475977,0.8631861,0.31476307,0.5931598,0.24329871,0.6378188,0.46846774,0.21268922,0.58556306,0.31291056,0.33107227,0.981634,0.833678,0.83338165,0.8345581,0.83750105,0.25577962,0.83029777,0.20682159,0.824075,0.68120915,0.30854857,0.9821832,0.31511438,0.6076484,0.8366198,0.24151742,0.31618106,0.30221447,0.24824259,0.24592316,0.21260566,0.3511115,0.31618106,0.30642155,0.5865202,0.22004879,0.31618106,0.58676845,0.9990636,0.5924413,0.24991143,0.2121183,0.20418471,0.32406363,0.86650914,0.5928516,0.20529413,0.31618106,0.98158586,0.9806668,0.7168426,1.0,0.32090735,0.21199554,0.31186667,0.82566255,0.29743424,0.32811302,0.8526752,0.6354219,0.68076605,0.25499946,0.66979957,0.2544834,0.2880831,0.6289586,0.9803778,0.8166028,0.8187196,0.3039541,0.72650576
RCIP0091,0.35402262,0.4038425,0.37029743,0.24318284,0.89455587,0.33090937,0.47862068,0.4081633,0.29237866,0.44462496,0.34271705,0.9973247,0.6355084,0.30630112,0.28566432,0.28510246,0.28260362,0.2978523,0.3650551,0.3955914,0.36514062,0.28393716,0.4721176,0.99468684,0.2855593,0.99895203,0.3434059,0.2900054,0.38244373,0.88700205,0.9820409,0.48962528,0.48534855,0.45194268,0.38438243,0.88700205,0.9970783,0.33451438,0.34247044,0.88700205,0.3729003,0.32192472,0.33718994,0.4860469,0.44712317,0.37371263,0.88441074,0.24055651,0.3367356,0.3740294,0.88700205,0.28693306,0.29571968,0.30623525,0.32090735,1.0,0.44692165,0.9789399,0.2916748,0.3581868,0.6350875,0.28878742,0.32857037,0.47676304,0.37082946,0.49199787,0.3793205,0.9886818,0.32729232,0.29517955,0.3918411,0.39326668,0.8901816,0.5643048
RCIP0092,0.83974445,0.23552987,0.92396414,0.17228487,0.46240482,0.22123238,0.9449994,0.19581452,0.5317768,0.99829566,0.22127512,0.45628846,0.732508,0.24218002,0.32028764,0.32507637,0.32389572,0.28303874,0.8354003,0.1928308,0.9274762,0.33185345,0.4512204,0.47139144,0.18115324,0.45146048,0.24505329,0.31567204,0.883026,0.4866036,0.4726918,0.9387813,0.94133115,0.99936503,0.7615062,0.4866036,0.46023023,0.23559514,0.90561795,0.4866036,0.21408084,0.20935506,0.22073376,0.93853575,0.9996535,0.9330151,0.4750406,0.17494762,0.22155279,0.9334353,0.4866036,0.18582058,0.18075755,0.229983,0.21199554,0.44692165,1.0,0.46338776,0.33784956,0.92418486,0.731093,0.32349914,0.21804532,0.4573075,0.8682029,0.45508683,0.85576344,0.4945699,0.22544676,0.18504322,0.2013405,0.1998626,0.46921486,0.28685957
RCIP0093,0.3573176,0.34428632,0.38327324,0.22529212,0.92568445,0.29420227,0.48338974,0.42690775,0.24918824,0.45871472,0.30911195,0.97785795,0.6639551,0.31123197,0.28771672,0.28670403,0.28239712,0.30709502,0.3710419,0.39214537,0.3801463,0.28956515,0.490359,0.97322595,0.2818329,0.978643,0.29635152,0.2962425,0.39294067,0.91730183,0.9982909,0.4957756,0.49094918,0.46757045,0.3583723,0.91730183,0.97381526,0.29348302,0.36260837,0.91730183,0.326016,0.31252214,0.30012783,0.49095947,0.4645884,0.38907486,0.9345084,0.22258323,0.2992875,0.3892082,0.91730183,0.28764457,0.29716408,0.28201777,0.31186667,0.9789399,0.46338776,1.0,0.29652435,0.37237015,0.6650487,0.2806879,0.28547305,0.49236417,0.3842656,0.51432854,0.39184397,0.9878136,0.28293067,0.29787177,0.39294103,0.39432538,0.9247416,0.57774824
RCIP0094,0.23652798,0.48779356,0.30388942,0.78838587,0.38697007,0.49536425,0.27108943,0.446709,0.4808092,0.3381608,0.487536,0.28664535,0.36680198,0.81994194,0.9969764,0.99712765,0.99664927,0.9707297,0.21376085,0.7389576,0.30027023,0.99772656,0.8583156,0.274494,0.80995065,0.28600395,0.5252539,0.9957099,0.2207028,0.39204523,0.27894354,0.2656553,0.26155257,0.34057713,0.40498665,0.39204523,0.28469038,0.49641597,0.307066,0.39204523,0.46516547,0.8257142,0.50199234,0.26117057,0.3335533,0.29672062,0.37310278,0.78493154,0.50244796,0.2976331,0.39204523,0.8061503,0.7997874,0.64050275,0.82566255,0.2916748,0.33784956,0.29652435,1.0,0.37419164,0.3708459,0.98066175,0.5465154,0.8620457,0.22538596,0.84108686,0.21821487,0.25832522,0.5465802,0.7968432,0.7302788,0.73435664,0.37132666,0.58596075
RCIP0097,0.85917616,0.2610973,0.92779255,0.2479639,0.39225668,0.28987148,0.9255514,0.22999766,0.56659526,0.9275041,0.2829206,0.37133995,0.6559848,0.3285851,0.35717645,0.3626503,0.3631903,0.30568713,0.84071195,0.24875945,0.9201306,0.36767304,0.44119442,0.3834095,0.27819854,0.3652223,0.30409616,0.35184076,0.8898593,0.4209661,0.38035104,0.9186608,0.92123187,0.92515564,0.7373059,0.4209661,0.37382153,0.29796356,0.9068613,0.4209661,0.25804797,0.29564792,0.28304768,0.91896045,0.92434436,0.92383695,0.3996101,0.24891141,0.28409845,0.92475533,0.4209661,0.27571926,0.26776844,0.25862294,0.29743424,0.3581868,0.92418486,0.37237015,0.37419164,1.0,0.65341485,0.360531,0.2943952,0.45143113,0.8812119,0.44502053,0.86290556,0.3993816,0.30096433,0.27156,0.2570045,0.25535995,0.39994594,0.31032902
RCIP0098,0.5714858,0.21618503,0.6334162,0.2042101,0.6435051,0.2045778,0.71592754,0.29974535,0.45959884,0.72067314,0.21112683,0.64141214,0.9989619,0.35820127,0.35441607,0.35998577,0.35715583,0.34061766,0.5682098,0.33181703,0.6265166,0.35743666,0.5244529,0.64521754,0.2913154,0.6335571,0.19074681,0.35982895,0.6204285,0.6758481,0.6739247,0.71843565,0.7170663,0.7294771,0.6040858,0.6758481,0.6368258,0.20799682,0.6035556,0.6758481,0.1965228,0.32828182,0.20771632,0.717586,0.7296275,0.6338297,0.6851884,0.21030015,0.20727366,0.63294506,0.6758481,0.29953235,0.30018646,0.20980024,0.32811302,0.6350875,0.731093,0.6650487,0.3708459,0.65341485,1.0,0.3322699,0.19189537,0.53280795,0.6034347,0.5377553,0.59239125,0.6734077,0.19281667,0.30312327,0.3271721,0.32525784,0.6507543,0.45880574
RCIP0099,0.23373044,0.5227159,0.29769003,0.8126278,0.3621548,0.52781194,0.2601869,0.47033277,0.4950964,0.324097,0.518599,0.28311798,0.3294953,0.82855046,0.97929645,0.97887754,0.97922075,0.9680791,0.21466291,0.74160826,0.29651576,0.9820427,0.8318851,0.27098617,0.83264756,0.28377122,0.56557184,0.98153114,0.21511203,0.3659432,0.26428524,0.25306922,0.24943691,0.3250234,0.4086234,0.3659432,0.2852203,0.5292664,0.3049085,0.3659432,0.50407827,0.8523254,0.5331974,0.24974307,0.3196884,0.29152218,0.33838767,0.8098986,0.5338528,0.29283932,0.3659432,0.82898974,0.8223336,0.68111265,0.8526752,0.28878742,0.32349914,0.2806879,0.98066175,0.360531,0.3322699,1.0,0.5804616,0.8301724,0.22354007,0.8098934,0.21586996,0.24995059,0.5801721,0.8189887,0.7332466,0.73703194,0.3468697,0.58510196
RCIP0101,0.4238015,0.9385264,0.31708184,0.7701696,0.25773925,0.9453219,0.24980468,0.7713568,0.73430634,0.21825415,0.9372653,0.33282983,0.19523162,0.6030532,0.5658393,0.5638829,0.5699203,0.6012214,0.43437544,0.6091653,0.339895,0.55734307,0.3540307,0.32357612,0.69482946,0.32838276,0.98938817,0.5641655,0.3692907,0.24479333,0.28968346,0.24358153,0.24381548,0.21218953,0.4987331,0.24479333,0.33019364,0.94554913,0.3666647,0.24479333,0.95606387,0.63765657,0.9475414,0.24666837,0.21660796,0.3285368,0.23964572,0.767316,0.9471717,0.32822028,0.24479333,0.6825943,0.6773947,0.8159212,0.6354219,0.32857037,0.21804532,0.28547305,0.5465154,0.2943952,0.19189537,0.5804616,1.0,0.34748805,0.38150355,0.33200002,0.38510424,0.29103553,0.9990196,0.67325604,0.5978271,0.59927917,0.254519,0.52010643
RCIP0104,0.24278474,0.31516695,0.3348336,0.56503993,0.5703545,0.28592342,0.38706458,0.3186143,0.35639358,0.4550968,0.28759992,0.46976307,0.53256446,0.6878921,0.8505976,0.8544567,0.8510992,0.81937385,0.21744925,0.7371469,0.33041725,0.8551401,0.98801076,0.46113053,0.6270463,0.47152075,0.32797718,0.85220265,0.2610844,0.58576375,0.47877476,0.39053303,0.38231105,0.464131,0.37333053,0.58576375,0.47004554,0.29388532,0.31405932,0.58576375,0.27862537,0.68048334,0.29828984,0.38191217,0.45452237,0.33747852,0.5793544,0.5633131,0.29872015,0.33763075,0.58576375,0.6257244,0.6238099,0.45084807,0.68076605,0.47676304,0.4573075,0.49236417,0.8620457,0.45143113,0.53280795,0.8301724,0.34748805,1.0,0.25511888,0.9913639,0.24119073,0.4585326,0.3486115,0.6221706,0.72946966,0.73401654,0.5549512,0.58909166
RCIP0105,0.98361516,0.3913678,0.9233145,0.28746635,0.33029142,0.4180196,0.9086228,0.4401623,0.5725408,0.8705469,0.4110874,0.38093582,0.60568106,0.28191376,0.22085062,0.22226408,0.2229504,0.18508098,0.9867631,0.25931853,0.9183501,0.22195184,0.24392062,0.4016514,0.26185754,0.3787219,0.39668214,0.21015173,0.9967806,0.33451998,0.3973278,0.9055098,0.9134213,0.8651631,0.68409944,0.33451998,0.38146842,0.41330084,0.91624343,0.33451998,0.41502315,0.2524468,0.4019134,0.9117066,0.8702029,0.9188906,0.3464203,0.2919628,0.40240836,0.91927207,0.33451998,0.2653793,0.26505053,0.38599288,0.25499946,0.37082946,0.8682029,0.3842656,0.22538596,0.8812119,0.6034347,0.22354007,0.38150355,0.25511888,1.0,0.26449084,0.99536645,0.41765046,0.38551453,0.269353,0.27242297,0.26865453,0.3467429,0.3188311
RCIP0106,0.24475446,0.30255866,0.32607803,0.55374944,0.5869447,0.27890128,0.38352758,0.34095007,0.3326338,0.45270932,0.28305152,0.48277304,0.5369625,0.6815636,0.8282839,0.8315709,0.8275373,0.8063934,0.2268658,0.7453139,0.32081622,0.8356222,0.9873154,0.47667274,0.61625516,0.48778248,0.3126436,0.8343779,0.26878828,0.6003794,0.50000054,0.39009607,0.3832694,0.46204266,0.35466033,0.6003794,0.48560914,0.28392485,0.30311275,0.6003794,0.27446133,0.6688261,0.28899664,0.38250306,0.45254138,0.32854903,0.60407525,0.55240834,0.2893234,0.3290649,0.6003794,0.61524755,0.61501265,0.4546767,0.66979957,0.49199787,0.45508683,0.51432854,0.84108686,0.44502053,0.5377553,0.8098934,0.33200002,0.9913639,0.26449084,1.0,0.25192386,0.4799871,0.33243263,0.613892,0.74118996,0.7453237,0.574212,0.6131896
RCIP0107,0.987133,0.39881346,0.916188,0.29715896,0.3358581,0.4279897,0.8993796,0.45596713,0.5720481,0.8603842,0.42368355,0.3867972,0.59217083,0.27921227,0.2158097,0.21573439,0.21604776,0.17865527,0.9937736,0.26320598,0.908861,0.21483815,0.23398733,0.41021788,0.26477197,0.38735056,0.39913937,0.201558,0.9948023,0.33405352,0.40358067,0.8956157,0.90563345,0.8536241,0.6844806,0.33405352,0.3881012,0.4234279,0.9065261,0.33405352,0.4244601,0.25224453,0.41237587,0.9027858,0.85788125,0.90930974,0.3474968,0.30230805,0.41284147,0.90941954,0.33405352,0.26963937,0.2710111,0.39457542,0.2544834,0.3793205,0.85576344,0.39184397,0.21821487,0.86290556,0.59239125,0.21586996,0.38510424,0.24119073,0.99536645,0.25192386,1.0,0.4257403,0.38874215,0.27548313,0.27905262,0.27439833,0.35295707,0.31338313
RCIP0108,0.39510795,0.35528064,0.410164,0.2025994,0.90516984,0.29440016,0.5182995,0.41181198,0.28327882,0.49023134,0.30778468,0.98957986,0.674065,0.28547886,0.2506581,0.2505523,0.24711785,0.2667169,0.40875542,0.36507288,0.40677112,0.25145307,0.45587105,0.99064803,0.25727716,0.9895484,0.30632478,0.25736696,0.4294054,0.90125424,0.9913568,0.5293226,0.52860594,0.49813122,0.40013814,0.90125424,0.9878967,0.29583,0.38477796,0.90125424,0.33462822,0.28847808,0.2992869,0.5284344,0.49476933,0.41579095,0.90598017,0.20229247,0.298634,0.41599542,0.90125424,0.25988567,0.26831344,0.2742722,0.2880831,0.9886818,0.4945699,0.9878136,0.25832522,0.3993816,0.6734077,0.24995059,0.29103553,0.4585326,0.41765046,0.4799871,0.4257403,1.0,0.28966874,0.26942438,0.36411574,0.3645916,0.90556014,0.55340445
RCIP0109,0.4256783,0.9370394,0.32468876,0.7673014,0.25376332,0.9436692,0.2566216,0.76301885,0.7364467,0.22591004,0.9345411,0.33193213,0.19632956,0.5959697,0.5655447,0.5638437,0.5700029,0.597826,0.43679172,0.60641325,0.34932655,0.55781245,0.35360408,0.3221143,0.6873551,0.32682356,0.9894477,0.5631465,0.3734985,0.24109954,0.2876654,0.25084597,0.25082076,0.21952114,0.50622004,0.24109954,0.32958585,0.94380844,0.3750493,0.24109954,0.95441544,0.6310278,0.94549775,0.25370896,0.22401324,0.33799726,0.23635226,0.7640971,0.9451803,0.3377164,0.24109954,0.67472833,0.66910267,0.8118901,0.6289586,0.32729232,0.22544676,0.28293067,0.5465802,0.30096433,0.19281667,0.5801721,0.9990196,0.3486115,0.38551453,0.33243263,0.38874215,0.28966874,1.0,0.6650263,0.59515435,0.59664345,0.2503793,0.516527
RCIP0110,0.29172432,0.5892745,0.216786,0.890751,0.30474788,0.6468411,0.21489996,0.72373545,0.4828247,0.18722019,0.64051384,0.28599575,0.30369008,0.97215664,0.81144285,0.80911493,0.8098377,0.82454515,0.28334612,0.8240707,0.20804006,0.7996596,0.63136685,0.28186965,0.9944822,0.28953716,0.64268786,0.8113183,0.25405163,0.29832357,0.2865477,0.2169922,0.21801889,0.1843909,0.3413868,0.29832357,0.2790415,0.6342704,0.22942626,0.29832357,0.64000255,0.9815941,0.643258,0.22091088,0.1863966,0.20377356,0.31758338,0.89512086,0.64318085,0.20384249,0.29832357,0.9990643,0.99974203,0.7636459,0.9803778,0.29517955,0.18504322,0.29787177,0.7968432,0.27156,0.30312327,0.8189887,0.67325604,0.6221706,0.269353,0.613892,0.27548313,0.26942438,0.6650263,1.0,0.8164423,0.8174566,0.2993946,0.71085644
RCIP0111,0.2854126,0.5605629,0.2223841,0.8746172,0.4279607,0.58393335,0.19601443,0.70888364,0.3716631,0.20350134,0.57989883,0.3763616,0.32692635,0.80308443,0.7409324,0.7392105,0.7383635,0.75418043,0.27710634,0.9963726,0.21674481,0.73366624,0.73597133,0.37448943,0.81312,0.3884365,0.5662151,0.7446577,0.26147494,0.416484,0.3817476,0.2088955,0.21006557,0.20360109,0.21617863,0.416484,0.38248897,0.56774676,0.22425014,0.416484,0.59729123,0.81449246,0.57974863,0.21209827,0.20248538,0.21737462,0.44144097,0.87570083,0.5800203,0.21805504,0.416484,0.8125404,0.81689066,0.71767443,0.8166028,0.3918411,0.2013405,0.39294103,0.7302788,0.2570045,0.3271721,0.7332466,0.5978271,0.72946966,0.27242297,0.74118996,0.27905262,0.36411574,0.59515435,0.8164423,1.0,0.9994653,0.4198963,0.7020448
RCIP0112,0.27959967,0.5604962,0.21878964,0.8734555,0.42836046,0.5818873,0.19483018,0.7057172,0.37119746,0.20139813,0.57742536,0.37822843,0.32524648,0.804716,0.7446035,0.74310875,0.74234235,0.75837725,0.27213868,0.9967952,0.2145164,0.7375722,0.7402365,0.37586892,0.81422365,0.38978598,0.56836617,0.74894387,0.25727522,0.41769847,0.3829774,0.2082474,0.20875567,0.20202342,0.21568865,0.41769847,0.38375923,0.56593764,0.22219571,0.41769847,0.59682816,0.8166306,0.57812834,0.21108797,0.20094553,0.21525052,0.44351217,0.87424064,0.5783454,0.21602297,0.41769847,0.81377435,0.8180281,0.71711874,0.8187196,0.39326668,0.1998626,0.39432538,0.73435664,0.25535995,0.32525784,0.73703194,0.59927917,0.73401654,0.26865453,0.7453237,0.27439833,0.3645916,0.59664345,0.8174566,0.9994653,1.0,0.4196445,0.70694846
RCIP0113,0.33258405,0.32639349,0.41190287,0.26738527,0.998255,0.27545238,0.44450498,0.4075182,0.269734,0.46787426,0.29219657,0.8857907,0.6461241,0.30755892,0.3626511,0.3610379,0.3558217,0.38369423,0.33141154,0.41188198,0.39861864,0.36732194,0.56306946,0.88126004,0.28912485,0.8903767,0.25574782,0.37360972,0.3572772,0.99069864,0.9185859,0.4507765,0.44739863,0.47379646,0.34554535,0.99069864,0.88672775,0.27335554,0.38477027,0.99069864,0.28980142,0.30387044,0.28188187,0.44433337,0.47071505,0.40548632,0.9734344,0.26302218,0.2808702,0.40490392,0.99069864,0.2916937,0.2993957,0.2787291,0.3039541,0.8901816,0.46921486,0.9247416,0.37132666,0.39994594,0.6507543,0.3468697,0.254519,0.5549512,0.3467429,0.574212,0.35295707,0.90556014,0.2503793,0.2993946,0.4198963,0.4196445,1.0,0.5065294
RCIP0114,0.29178852,0.46413094,0.23723748,0.61729825,0.5143794,0.5141611,0.32590884,0.61983085,0.34106496,0.27953517,0.51038927,0.5596841,0.46513033,0.74349076,0.58384085,0.5848684,0.5841404,0.6024824,0.30046007,0.71479654,0.23209137,0.5825546,0.5817223,0.5532996,0.71080697,0.5587928,0.5059343,0.6032782,0.30622205,0.5159557,0.57264495,0.34894973,0.34352264,0.28682178,0.32416448,0.5159557,0.55051523,0.50122124,0.2393407,0.5159557,0.51844615,0.72336483,0.50651526,0.35049328,0.28847712,0.23474526,0.5639804,0.6190107,0.506517,0.23742118,0.5159557,0.7050603,0.71030533,0.55641115,0.72650576,0.5643048,0.28685957,0.57774824,0.58596075,0.31032902,0.45880574,0.58510196,0.52010643,0.58909166,0.3188311,0.6131896,0.31338313,0.55340445,0.516527,0.71085644,0.7020448,0.70694846,0.5065294,1.0
