strain_id,RCIP0004,RCIP0014,RCIP0023,RCIP0028,RCIP0034,RCIP0058,RCIP0063,RCIP0064,RCIP0067,RCIP0069,RCIP0074,RCIP0082,RCIP0083,RCIP0085,RCIP0089,RCIP0090,RCIP0091,RCIP0098,RCIP0099,RCIP0104,RCIP0106,RCIP0108,RCIP0109,RCIP0110,RCIP0111,RCIP0112,RCIP0113
IM001,,,1.0,1.0,1.0,,,1.0,,,1.0,,1.0,,,,,1.0,,,,,,,,,
IM018,,,1.0,1.0,1.0,,,1.0,,,1.0,,1.0,,,,,1.0,,,,,,,,,
IM043,,,1.0,1.0,1.0,,,1.0,,,1.0,,1.0,,,,,1.0,,,,,,,,,
IM061_1,,,1.0,1.0,1.0,,,1.0,,,1.0,,1.0,,,,,1.0,,,,,,,,,
IM066,,,1.0,1.0,1.0,,,1.0,,,1.0,,1.0,,,,,1.0,,,,,,,,,
IM074,,,1.0,1.0,1.0,,,1.0,,,1.0,,1.0,,,,,1.0,,,,,,,,,
IM085,,,1.0,1.0,1.0,,,1.0,,,1.0,,1.0,,,,,1.0,,,,,,,,,
IM088,,,1.0,1.0,1.0,,,1.0,,,1.0,,1.0,,,,,1.0,,,,,,,,,
IM094,,,1.0,1.0,1.0,,,1.0,,,1.0,,1.0,,,,,1.0,,,,,,,,,
IM_023,,,1.0,1.0,1.0,,,1.0,,,1.0,,1.0,,,,,1.0,,,,,,,,,
NK06130,1.0,1.0,,,,0.0,1.0,,1.0,1.0,,1.0,,1.0,1.0,1.0,1.0,,1.0,1.0,1.0,0.0,0.0,1.0,1.0,1.0,1.0
NK06145,1.0,1.0,,,,0.0,1.0,,1.0,1.0,,1.0,,1.0,1.0,1.0,1.0,,1.0,1.0,1.0,0.0,0.0,1.0,1.0,1.0,1.0
NK06248,1.0,1.0,,,,0.0,1.0,,1.0,1.0,,1.0,,1.0,1.0,1.0,1.0,,1.0,1.0,1.0,0.0,0.0,1.0,1.0,1.0,1.0
NK08119,1.0,1.0,,,,0.0,1.0,,1.0,1.0,,1.0,,1.0,1.0,1.0,1.0,,1.0,1.0,1.0,0.0,0.0,1.0,1.0,1.0,1.0
NK08370,1.0,1.0,,,,0.0,1.0,,1.0,1.0,,1.0,,1.0,1.0,1.0,1.0,,1.0,1.0,1.0,0.0,0.0,1.0,1.0,1.0,1.0
