genome_ID,RCIP0001,RCIP0003,RCIP0004,RCIP0014,RCIP0015,RCIP0016,RCIP0017,RCIP0023,RCIP0024,RCIP0025,RCIP0028,RCIP0030,RCIP0034,RCIP0035,RCIP0036,RCIP0037,RCIP0038,RCIP0039,RCIP0040,RCIP0041,RCIP0042,RCIP0043,RCIP0044,RCIP0045,RCIP0046,RCIP0047,RCIP0048,RCIP0049,RCIP0050,RCIP0054,RCIP0055,RCIP0056,RCIP0058,RCIP0059,RCIP0060,RCIP0061,RCIP0063,RCIP0064,RCIP0067,RCIP0068,RCIP0069,RCIP0072,RCIP0074,RCIP0077,RCIP0078,RCIP0079,RCIP0081,RCIP0082,RCIP0083,RCIP0085,RCIP0086,RCIP0087,RCIP0088,RCIP0089,RCIP0090,RCIP0091,RCIP0092,RCIP0093,RCIP0094,RCIP0097,RCIP0098,RCIP0099,RCIP0101,RCIP0104,RCIP0105,RCIP0106,RCIP0107,RCIP0108,RCIP0109,RCIP0110,RCIP0111,RCIP0112,RCIP0113,RCIP0114
RCIP0001,1.0,0.38034308,0.90354455,0.35283813,0.33901924,0.46696258,0.8511535,0.46926284,0.38351482,0.80863404,0.4754746,0.40889993,0.31369972,0.4183355,0.38574296,0.38631278,0.38148788,0.3681683,0.97693413,0.30751902,0.8347199,0.39405477,0.4192453,0.41759175,0.38140061,0.40925136,0.3470923,0.36143613,0.99339575,0.33403078,0.42293593,0.8360878,0.83280885,0.82588845,0.3759746,0.33403078,0.38938683,0.47025996,0.8351443,0.33403078,0.3849578,0.40895116,0.4741838,0.8392626,0.8256865,0.8378503,0.33070362,0.35517353,0.47533292,0.83708763,0.33403078,0.3840576,0.3897571,0.49886885,0.4040792,0.3897372,0.83050334,0.4235493,0.384776,0.9101385,0.31744644,0.40384215,0.3500188,0.4247272,0.9881525,0.44963363,0.9956113,0.4231071,0.35197705,0.3878938,0.33579952,0.3363521,0.33347088,0.5230242
RCIP0003,0.38034308,1.0,0.44970214,0.61804557,0.383727,0.75768334,0.48095363,0.47433126,0.69473326,0.5302718,0.7424747,0.33229747,0.6170974,0.49279332,0.543571,0.5473332,0.55558306,0.520737,0.4152431,0.60928524,0.514974,0.52500033,0.48968026,0.3386477,0.46289653,0.33307034,0.83870757,0.53807527,0.37438387,0.38651624,0.29022017,0.49079496,0.4971626,0.51752234,0.5439916,0.38651624,0.35880333,0.77602506,0.5083613,0.38651624,0.9555973,0.44346502,0.77493805,0.49762067,0.5183499,0.51083857,0.35816774,0.60897815,0.7754339,0.51443654,0.38651624,0.46874237,0.46441308,0.5331967,0.4420671,0.34346643,0.50949,0.28885466,0.5383353,0.40677762,0.6110317,0.49698204,0.8202862,0.48274255,0.36506596,0.47589016,0.3754303,0.3028332,0.82862175,0.46687126,0.5944909,0.6076782,0.3876211,0.3525509
RCIP0004,0.90354455,0.44970214,1.0,0.43219358,0.26027706,0.46571556,0.8530897,0.37528145,0.34103322,0.8792238,0.4766268,0.33520907,0.36853024,0.48848364,0.42777905,0.42992198,0.42536607,0.38911733,0.90062624,0.37419736,0.9560057,0.42883173,0.428429,0.34246075,0.42869923,0.33023304,0.4164154,0.39415187,0.9036937,0.25529096,0.35879862,0.8438467,0.8499175,0.8823961,0.36674672,0.25529096,0.31433073,0.4839351,0.9548597,0.25529096,0.4614011,0.4394599,0.482907,0.85515034,0.88784724,0.9596404,0.2635127,0.4338817,0.48240864,0.9579705,0.25529096,0.44090688,0.4437503,0.5176121,0.4388127,0.31932014,0.8915482,0.3529119,0.4155736,0.8744,0.3713836,0.42469373,0.41633016,0.44037336,0.900449,0.46169022,0.9049653,0.35740495,0.42053476,0.4416911,0.39528793,0.39673164,0.2585468,0.5326668
RCIP0014,0.35283813,0.61804557,0.43219358,1.0,0.300803,0.4766137,0.3970452,0.40156513,0.5426661,0.45552948,0.46490568,0.2657179,0.55855304,0.72301215,0.76518327,0.76782864,0.7747911,0.7585751,0.3581064,0.8838931,0.43535405,0.74862707,0.6348959,0.26729968,0.7094003,0.2622373,0.57527745,0.7784763,0.35445076,0.29796892,0.27692962,0.40988302,0.40459287,0.4401108,0.5760142,0.29796892,0.2724205,0.4839317,0.43940818,0.29796892,0.58432025,0.664259,0.47748348,0.41212136,0.43920955,0.434205,0.29079238,0.99783385,0.47611263,0.4329648,0.29796892,0.7111367,0.7071396,0.7105657,0.6587844,0.26717514,0.43107772,0.27034223,0.7534821,0.38745707,0.5532624,0.7461587,0.5616958,0.6388988,0.3591736,0.61558676,0.35152024,0.27261874,0.57068866,0.70440763,0.86924,0.8737199,0.29667398,0.45192453
RCIP0015,0.33901924,0.383727,0.26027706,0.300803,1.0,0.3794397,0.27190226,0.5210472,0.5224736,0.26254514,0.37384254,0.8476154,0.5310797,0.20123434,0.24965447,0.24959615,0.24960995,0.3013774,0.3264188,0.3836785,0.30624118,0.25329122,0.31957507,0.8471587,0.24859619,0.858444,0.32722175,0.2715401,0.3377871,0.99810815,0.82725805,0.27426207,0.26902145,0.26655135,0.4233232,0.99810815,0.8671928,0.3591179,0.29834104,0.99810815,0.3880073,0.25745332,0.36152294,0.26086542,0.26092267,0.3031084,0.9134915,0.30071744,0.3649398,0.304301,0.99810815,0.23629594,0.23465565,0.38031417,0.26342803,0.86372787,0.2665114,0.84529865,0.26318845,0.31885442,0.5303801,0.29026443,0.3340388,0.31244147,0.3359691,0.32003194,0.33764946,0.8344418,0.32620084,0.23693186,0.38051683,0.37178972,0.99763656,0.3815772
RCIP0016,0.46696258,0.75768334,0.46571556,0.4766137,0.3794397,1.0,0.52564913,0.63797724,0.65896404,0.49843192,0.9851513,0.39480853,0.45738074,0.47667006,0.46714902,0.4675615,0.4748906,0.439856,0.5050005,0.4668084,0.5067407,0.4733409,0.44366187,0.40098572,0.46628588,0.39085525,0.7225124,0.47080448,0.4585837,0.38835707,0.3485285,0.5338692,0.55096346,0.48892596,0.7107715,0.38835707,0.4113304,0.99210334,0.5160647,0.38835707,0.76222014,0.46730787,0.99165714,0.54152524,0.4915905,0.505021,0.41855007,0.47017762,0.99152035,0.50747424,0.38835707,0.47017038,0.46398962,0.5310977,0.4647323,0.39534444,0.4806186,0.34927115,0.4820453,0.48139817,0.45470145,0.42825782,0.7182135,0.4437114,0.45833835,0.4225435,0.45864353,0.35666728,0.7233734,0.47260034,0.46704334,0.47798485,0.38572484,0.47236666
RCIP0017,0.8511535,0.48095363,0.8530897,0.3970452,0.27190226,0.52564913,1.0,0.47207382,0.4197883,0.74869514,0.54308975,0.37184596,0.33691007,0.48647785,0.37730864,0.3775103,0.37642828,0.3516446,0.88927186,0.35255396,0.85852087,0.3856506,0.41686022,0.37649435,0.44197235,0.36381492,0.5298661,0.36011726,0.8443723,0.27219993,0.37436432,0.9896724,0.985092,0.757322,0.4422956,0.27219993,0.3532784,0.5412491,0.8590424,0.27219993,0.50166935,0.45426673,0.5404371,0.9868376,0.7630706,0.85678566,0.28250897,0.39422324,0.5400526,0.85995424,0.27219993,0.44938385,0.45486417,0.48973277,0.44938403,0.35952923,0.76654863,0.37608966,0.37665468,0.79221636,0.33780277,0.3729645,0.54675025,0.41556665,0.84340376,0.4289437,0.84717727,0.37405688,0.55075943,0.45610976,0.374601,0.3795399,0.27404082,0.5487252
RCIP0023,0.46926284,0.47433126,0.37528145,0.40156513,0.5210472,0.63797724,0.47207382,1.0,0.652301,0.38077158,0.6685169,0.54974526,0.41738638,0.47207925,0.44969544,0.44587013,0.44351152,0.45152962,0.47722986,0.43515494,0.37290195,0.46365404,0.5269294,0.5476505,0.5210977,0.54983914,0.5363067,0.46026543,0.46912184,0.5234017,0.55635166,0.46511155,0.4773171,0.38042575,0.6857429,0.5234017,0.54415053,0.61856914,0.37751776,0.5234017,0.4876496,0.51874137,0.62889564,0.47088376,0.38118565,0.37193823,0.5569705,0.40064293,0.62812877,0.36745718,0.5234017,0.512069,0.5127757,0.47450382,0.51621664,0.5461296,0.37802047,0.55316067,0.45564654,0.4237389,0.41758004,0.4528013,0.5515318,0.51953226,0.48097667,0.5108398,0.47189865,0.5479884,0.5445184,0.5140151,0.44548994,0.44503686,0.51957405,0.57350576
RCIP0024,0.38351482,0.69473326,0.34103322,0.5426661,0.5224736,0.65896404,0.4197883,0.652301,1.0,0.3731851,0.66057813,0.47068143,0.5240354,0.39672142,0.5127705,0.5160226,0.5212675,0.51860666,0.39208996,0.533574,0.37910557,0.5116828,0.4891933,0.47105768,0.44122276,0.46919352,0.6614085,0.52805334,0.36446935,0.5292312,0.44468448,0.43220937,0.42678037,0.361507,0.6876854,0.5292312,0.48674121,0.6554259,0.38264528,0.5292312,0.6947561,0.41776186,0.66725534,0.42645156,0.35504532,0.37539697,0.5096758,0.53233564,0.6692393,0.37735277,0.5292312,0.42519307,0.43044767,0.5640974,0.41501334,0.46875858,0.35199428,0.44930762,0.52762055,0.34238452,0.5213481,0.5077424,0.66364956,0.46173078,0.37430885,0.45707422,0.3710524,0.4336074,0.6651827,0.4252451,0.5357488,0.5383729,0.52115214,0.40169334
RCIP0025,0.80863404,0.5302718,0.8792238,0.45552948,0.26254514,0.49843192,0.74869514,0.38077158,0.3731851,1.0,0.48480853,0.30148593,0.41804057,0.46382764,0.51851445,0.520694,0.5184628,0.4769845,0.80091524,0.39941764,0.83251387,0.5195526,0.5105785,0.30345,0.42170796,0.3015175,0.47720048,0.47989234,0.81594664,0.26146704,0.31758845,0.7474165,0.75046843,0.9944798,0.3799406,0.26146704,0.29089594,0.51295626,0.82966363,0.26146704,0.5298313,0.42626402,0.512711,0.7595659,0.9948138,0.8405944,0.2665299,0.45721665,0.51207185,0.83936274,0.26146704,0.43088192,0.43141854,0.505621,0.42570263,0.29004967,0.99308974,0.30420095,0.50577533,0.83862066,0.4166819,0.503691,0.46445534,0.5136306,0.7998396,0.52679294,0.81619745,0.3197692,0.47170517,0.42858338,0.40412402,0.41077214,0.2598739,0.49658602
RCIP0028,0.4754746,0.7424747,0.4766268,0.46490568,0.37384254,0.9851513,0.54308975,0.6685169,0.66057813,0.48480853,1.0,0.40346718,0.45258886,0.49126202,0.45256007,0.45238033,0.45842746,0.4246584,0.51534307,0.45076913,0.5151688,0.45852938,0.43096521,0.41027272,0.479895,0.39832833,0.71638215,0.45717824,0.46868837,0.3817625,0.36057317,0.5506341,0.5672528,0.47495368,0.7117367,0.3817625,0.417626,0.98498,0.5252026,0.3817625,0.74674004,0.48087332,0.98540956,0.5576364,0.47830006,0.5131952,0.42725366,0.4572789,0.98527455,0.5155591,0.3817625,0.4819504,0.47707346,0.5367346,0.47866648,0.40290156,0.46760336,0.36347166,0.46783522,0.47588506,0.45145997,0.41527045,0.71755075,0.4332365,0.47115114,0.4128594,0.46676868,0.36732578,0.7216291,0.48512945,0.45315704,0.46364146,0.37913635,0.50299
RCIP0030,0.40889993,0.33229747,0.33520907,0.2657179,0.8476154,0.39480853,0.37184596,0.54974526,0.47068143,0.30148593,0.40346718,1.0,0.5153137,0.24815899,0.20018288,0.19797456,0.19673488,0.21552229,0.39347014,0.2833972,0.34894717,0.19821635,0.23737079,0.9947472,0.26962614,0.9973391,0.34173402,0.20702803,0.4088378,0.84742665,0.97850966,0.38204426,0.3820587,0.30290028,0.4536902,0.84742665,0.9929469,0.38010752,0.346152,0.84742665,0.3295568,0.27944994,0.3841252,0.3726853,0.2999208,0.34757173,0.86174625,0.2647779,0.3851142,0.34708077,0.84742665,0.26785123,0.26598886,0.37933928,0.28877446,0.9949136,0.30648944,0.97806007,0.20193666,0.3644451,0.5151424,0.21913964,0.35796896,0.23541766,0.40613258,0.24357462,0.40852675,0.98706573,0.34823048,0.27171484,0.28564018,0.28046185,0.85198945,0.48096487
RCIP0034,0.31369972,0.6170974,0.36853024,0.55855304,0.5310797,0.45738074,0.33691007,0.41738638,0.5240354,0.41804057,0.45258886,0.5153137,1.0,0.5330496,0.5019596,0.4996454,0.50212765,0.51091325,0.31759897,0.585932,0.3807317,0.4764894,0.49264362,0.51792586,0.50604916,0.5239605,0.6141021,0.49619448,0.32122386,0.525196,0.4992995,0.3394319,0.33977032,0.41711885,0.5457674,0.525196,0.53234035,0.47236872,0.3764682,0.525196,0.60530245,0.49505535,0.46421733,0.3448106,0.4094186,0.38312432,0.5252842,0.5572865,0.4659213,0.3843925,0.525196,0.52064705,0.51396203,0.4184343,0.5018348,0.5297761,0.40519494,0.49320704,0.48814955,0.33134443,0.9988652,0.46463475,0.6008018,0.48736122,0.3082502,0.48468778,0.32665503,0.5215242,0.5999077,0.51280147,0.56018484,0.56413007,0.5336258,0.47432786
RCIP0035,0.4183355,0.49279332,0.48848364,0.72301215,0.20123434,0.47667006,0.48647785,0.47207925,0.39672142,0.46382764,0.49126202,0.24815899,0.5330496,1.0,0.7870455,0.78455335,0.7808337,0.77665293,0.4079725,0.6729223,0.4462474,0.78421676,0.70252156,0.24420562,0.96673954,0.2403236,0.62712413,0.7988683,0.42193857,0.19964677,0.29096323,0.47377518,0.47460634,0.46725348,0.55852884,0.19964677,0.23331034,0.4945192,0.4509558,0.19964677,0.4823362,0.965836,0.48686883,0.48124984,0.4722472,0.44834498,0.28044507,0.7312796,0.48357642,0.44539988,0.19964677,0.96941894,0.97198874,0.56109905,0.9640278,0.24789122,0.47120926,0.28020048,0.779874,0.45642912,0.54010403,0.77571183,0.6230743,0.7191237,0.43305722,0.70471925,0.41715124,0.27429998,0.6232468,0.9695274,0.66298425,0.6641629,0.20087701,0.66807777
RCIP0036,0.38574296,0.543571,0.42777905,0.76518327,0.24965447,0.46714902,0.37730864,0.44969544,0.5127705,0.51851445,0.45256007,0.20018288,0.5019596,0.7870455,1.0,0.99911654,0.9985787,0.9727768,0.36673552,0.72154087,0.37302125,0.9948533,0.8795476,0.19108912,0.8018812,0.19716462,0.56745726,0.98509806,0.38692492,0.2519019,0.21824187,0.37500602,0.37052196,0.5174548,0.5042936,0.2519019,0.19457483,0.47267547,0.38059878,0.2519019,0.53206617,0.7824003,0.47191897,0.3778906,0.51471955,0.37609267,0.2648831,0.76968384,0.46984932,0.37553686,0.2519019,0.7953831,0.7994879,0.6131501,0.77508074,0.19832861,0.5127991,0.21319371,0.9914331,0.46942997,0.50164616,0.97064966,0.55378824,0.879591,0.38940358,0.8743869,0.38463736,0.2073428,0.56024444,0.7898239,0.70510876,0.7052235,0.24624604,0.5363708
RCIP0037,0.38631278,0.5473332,0.42992198,0.76782864,0.24959615,0.4675615,0.3775103,0.44587013,0.5160226,0.520694,0.45238033,0.19797456,0.4996454,0.78455335,0.99911654,1.0,0.99891245,0.9739356,0.36786014,0.7214937,0.3776579,0.99505377,0.87618303,0.18933111,0.7994896,0.19505304,0.5668562,0.98557293,0.38742507,0.25215024,0.21620435,0.37511683,0.37072182,0.5185821,0.5059168,0.25215024,0.19327235,0.47255284,0.38490456,0.25215024,0.5360251,0.77959085,0.47207063,0.37784174,0.51614004,0.38072926,0.26454592,0.7722273,0.46990606,0.38028517,0.25215024,0.7932769,0.7972988,0.61811703,0.7720562,0.19608474,0.51418024,0.21146357,0.9914496,0.46880245,0.4990269,0.9713454,0.55265754,0.87641466,0.39053565,0.8715461,0.3852172,0.20472413,0.5593819,0.7875556,0.7051694,0.705352,0.24621847,0.531898
RCIP0038,0.38148788,0.55558306,0.42536607,0.7747911,0.24960995,0.4748906,0.37642828,0.44351152,0.5212675,0.5184628,0.45842746,0.19673488,0.50212765,0.7808337,0.9985787,0.99891245,1.0,0.9726097,0.36461255,0.72858435,0.3742585,0.9941274,0.87588364,0.18840873,0.7943028,0.1936621,0.57210594,0.98574567,0.38223997,0.25209397,0.21328393,0.3750788,0.3706631,0.5158341,0.5105382,0.25209397,0.19263971,0.48005113,0.38235098,0.25209397,0.54350936,0.77381694,0.4795249,0.3778141,0.5134698,0.3773201,0.2626886,0.77856725,0.47715423,0.37698877,0.25209397,0.78862333,0.79221237,0.6211431,0.7664461,0.19533938,0.51086444,0.20864421,0.9913359,0.4636113,0.50118166,0.9696433,0.55755526,0.87523854,0.38492686,0.869216,0.38041773,0.2026031,0.56480825,0.782719,0.7113269,0.7120176,0.2464242,0.5283232
RCIP0039,0.3681683,0.520737,0.38911733,0.7585751,0.3013774,0.439856,0.3516446,0.45152962,0.51860666,0.4769845,0.4246584,0.21552229,0.51091325,0.77665293,0.9727768,0.9739356,0.9726097,1.0,0.3539728,0.7225613,0.34607098,0.9775823,0.86871046,0.20953104,0.7970514,0.21707034,0.5493749,0.98005915,0.3704741,0.30374694,0.23891056,0.34422368,0.34166974,0.47623864,0.5133901,0.30374694,0.2166447,0.43826926,0.35563844,0.30374694,0.51451933,0.78496826,0.43766785,0.34761196,0.47388393,0.3489179,0.29235375,0.7630199,0.43533915,0.3478995,0.30374694,0.7907277,0.7928963,0.59375495,0.7776395,0.21691069,0.4713244,0.23774442,0.97744757,0.4559876,0.5098561,0.9692224,0.5410275,0.8649599,0.3779187,0.85967296,0.36818284,0.22685763,0.5466769,0.7849148,0.7051729,0.7026404,0.297848,0.5244188
RCIP0040,0.97693413,0.4152431,0.90062624,0.3581064,0.3264188,0.5050005,0.88927186,0.47722986,0.39208996,0.80091524,0.51534307,0.39347014,0.31759897,0.4079725,0.36673552,0.36786014,0.36461255,0.3539728,1.0,0.312747,0.87087905,0.37751535,0.40743712,0.4065217,0.36874217,0.39332834,0.36778986,0.34366387,0.9755144,0.32312638,0.39990947,0.87205815,0.8778644,0.81466174,0.4115317,0.32312638,0.37913388,0.50746113,0.8741997,0.32312638,0.42708278,0.3958187,0.5115093,0.88078606,0.8179805,0.8732242,0.31717277,0.3580963,0.512559,0.8737111,0.32312638,0.37312645,0.37783727,0.49514434,0.3890675,0.3768549,0.820692,0.4032443,0.3688717,0.8908323,0.31888407,0.38135123,0.3719165,0.40823704,0.9743671,0.4302441,0.9798342,0.4009422,0.37497997,0.37730294,0.34061557,0.34279042,0.3242984,0.5066346
RCIP0041,0.30751902,0.60928524,0.37419736,0.8838931,0.3836785,0.4668084,0.35255396,0.43515494,0.533574,0.39941764,0.45076913,0.2833972,0.585932,0.6729223,0.72154087,0.7214937,0.72858435,0.7225613,0.312747,1.0,0.38182762,0.7047367,0.74457055,0.2817484,0.6594714,0.28903982,0.5618047,0.72683376,0.31125706,0.37940046,0.28549653,0.3588612,0.35595304,0.39245722,0.5590625,0.37940046,0.2939872,0.47012702,0.38293248,0.37940046,0.5974679,0.63738763,0.46314678,0.36295968,0.39076385,0.3783949,0.35419288,0.8806686,0.46266136,0.37872228,0.37940046,0.6649124,0.662954,0.61681455,0.63091224,0.29880822,0.38499415,0.28012305,0.7014351,0.3533305,0.58442795,0.7013813,0.5370596,0.7460754,0.31380868,0.7318922,0.3139032,0.2906605,0.542892,0.6605491,0.9935198,0.99389833,0.38017148,0.4413324
RCIP0042,0.8347199,0.514974,0.9560057,0.43535405,0.30624118,0.5067407,0.85852087,0.37290195,0.37910557,0.83251387,0.5151688,0.34894717,0.3807317,0.4462474,0.37302125,0.3776579,0.3742585,0.34607098,0.87087905,0.38182762,1.0,0.37614778,0.36836192,0.3617133,0.38802096,0.34367687,0.45122162,0.34748918,0.836105,0.30299073,0.36051852,0.85313135,0.8640602,0.8269805,0.39884663,0.30299073,0.34069347,0.5239964,0.99423134,0.30299073,0.52955157,0.39582652,0.5239276,0.8642416,0.83855253,0.9985531,0.29056403,0.4358489,0.5244264,0.99824107,0.30299073,0.4009866,0.40121403,0.50876206,0.39676824,0.33625233,0.8407646,0.35996515,0.36634725,0.80775756,0.3797309,0.36758965,0.45188257,0.37833017,0.8355984,0.3988074,0.8366262,0.35918415,0.45774698,0.40091282,0.4040076,0.4062907,0.30758688,0.4752564
RCIP0043,0.39405477,0.52500033,0.42883173,0.74862707,0.25329122,0.4733409,0.3856506,0.46365404,0.5116828,0.5195526,0.45852938,0.19821635,0.4764894,0.78421676,0.9948533,0.99505377,0.9941274,0.9775823,0.37751535,0.7047367,0.37614778,1.0,0.88699114,0.18953827,0.8034404,0.19500804,0.5585021,0.98690146,0.39598486,0.25690103,0.21850044,0.38156828,0.37730384,0.5180857,0.51380277,0.25690103,0.19177383,0.4759482,0.38440812,0.25690103,0.5178138,0.78839934,0.47613975,0.3836618,0.5159798,0.37934947,0.26888567,0.75383544,0.47362134,0.37877676,0.25690103,0.7958584,0.8000809,0.6096308,0.7806756,0.19447288,0.5141889,0.21419457,0.99345434,0.47805664,0.4758643,0.97472787,0.5479818,0.8880111,0.40075755,0.879401,0.39240772,0.20520467,0.5542226,0.7908467,0.6905954,0.6903412,0.24997735,0.54829913
RCIP0044,0.4192453,0.48968026,0.428429,0.6348959,0.31957507,0.44366187,0.41686022,0.5269294,0.4891933,0.5105785,0.43096521,0.23737079,0.49264362,0.70252156,0.8795476,0.87618303,0.87588364,0.86871046,0.40743712,0.74457055,0.36836192,0.88699114,1.0,0.22921923,0.7142542,0.24166507,0.5241187,0.8550968,0.42465192,0.32155675,0.26057875,0.40058467,0.3952021,0.52260906,0.4868768,0.32155675,0.23281199,0.44558454,0.3721617,0.32155675,0.49913174,0.7194047,0.4444699,0.40333498,0.5171089,0.3681891,0.33286265,0.6370859,0.4434053,0.36934766,0.32155675,0.7070986,0.7161597,0.52444625,0.70962477,0.24145013,0.52166086,0.25619495,0.8697458,0.48447722,0.49433985,0.87758434,0.50914603,0.9903126,0.42503482,0.98357344,0.42881566,0.24979004,0.51033705,0.7065598,0.73798615,0.736239,0.31615275,0.59364843
RCIP0045,0.41759175,0.3386477,0.34246075,0.26729968,0.8471587,0.40098572,0.37649435,0.5476505,0.47105768,0.30345,0.41027272,0.9947472,0.51792586,0.24420562,0.19108912,0.18933111,0.18840873,0.20953104,0.4065217,0.2817484,0.3617133,0.18953827,0.22921923,1.0,0.260449,0.9926839,0.33361262,0.19718862,0.41582477,0.84680307,0.9755293,0.38482237,0.3862096,0.3046537,0.45549577,0.84680307,0.99397075,0.38647294,0.3598318,0.84680307,0.3361214,0.27416724,0.39079833,0.3763098,0.30130798,0.36000872,0.8614205,0.26665014,0.39237356,0.359569,0.84680307,0.25933704,0.25686648,0.38183218,0.2830127,0.9893465,0.3082242,0.975325,0.19299924,0.36957324,0.5177144,0.21083105,0.3514198,0.22671902,0.4134213,0.23740989,0.41711035,0.9810547,0.34228766,0.26277545,0.28587884,0.28082183,0.85201454,0.46626648
RCIP0046,0.38140061,0.46289653,0.42869923,0.7094003,0.24859619,0.46628588,0.44197235,0.5210977,0.44122276,0.42170796,0.479895,0.26962614,0.50604916,0.96673954,0.8018812,0.7994896,0.7943028,0.7970514,0.36874217,0.6594714,0.38802096,0.8034404,0.7142542,0.260449,1.0,0.26273903,0.6030522,0.82076705,0.38747385,0.25097394,0.30811888,0.4318046,0.42896122,0.4218849,0.58567005,0.25097394,0.25377443,0.47533077,0.39068052,0.25097394,0.45775992,0.985019,0.4706565,0.43437108,0.4288876,0.39024857,0.32119992,0.7191056,0.46727824,0.38780648,0.25097394,0.99140537,0.994666,0.550059,0.9844118,0.26824576,0.42560005,0.30049372,0.79763687,0.42366666,0.5105954,0.80578995,0.6011999,0.72722685,0.4032333,0.7072712,0.3798029,0.29242942,0.59953654,0.9928713,0.64841175,0.6443176,0.24720997,0.65295523
RCIP0047,0.40925136,0.33307034,0.33023304,0.2622373,0.858444,0.39085525,0.36381492,0.54983914,0.46919352,0.3015175,0.39832833,0.9973391,0.5239605,0.2403236,0.19716462,0.19505304,0.1936621,0.21707034,0.39332834,0.28903982,0.34367687,0.19500804,0.24166507,0.9926839,0.26273903,1.0,0.3398916,0.2055201,0.41064268,0.8571416,0.9743526,0.37308484,0.3737657,0.30331743,0.44566104,0.8571416,0.9929921,0.3749012,0.33980343,0.8571416,0.32958114,0.27381635,0.3784395,0.36454403,0.30027205,0.3423844,0.86061764,0.26111558,0.37967303,0.34205234,0.8571416,0.26158297,0.25932524,0.37677446,0.2833089,0.9958991,0.30643505,0.9737564,0.19973257,0.36464983,0.5235853,0.21807528,0.35377705,0.23865542,0.40781993,0.24828443,0.4107263,0.9879493,0.34363654,0.26538014,0.29139793,0.2855512,0.86196184,0.47522458
RCIP0048,0.3470923,0.83870757,0.4164154,0.57527745,0.32722175,0.7225124,0.5298661,0.5363067,0.6614085,0.47720048,0.71638215,0.34173402,0.6141021,0.62712413,0.56745726,0.5668562,0.57210594,0.5493749,0.36778986,0.5618047,0.45122162,0.5585021,0.5241187,0.33361262,0.6030522,0.3398916,1.0,0.5769856,0.3435346,0.32939857,0.3236102,0.53814006,0.5321297,0.46530187,0.60277826,0.32939857,0.35025832,0.73564297,0.44124418,0.32939857,0.8239052,0.5814412,0.7321255,0.53371334,0.47087651,0.44810197,0.3475241,0.56903076,0.7294996,0.45188662,0.32939857,0.61436635,0.6101732,0.53020984,0.58434415,0.35614514,0.46199423,0.31776905,0.57211256,0.3780131,0.611422,0.5134953,0.9867515,0.51882786,0.33815515,0.5022427,0.34422863,0.33518422,0.98612493,0.61375093,0.54634666,0.55764365,0.33353543,0.5147093
RCIP0049,0.36143613,0.53807527,0.39415187,0.7784763,0.2715401,0.47080448,0.36011726,0.46026543,0.52805334,0.47989234,0.45717824,0.20702803,0.49619448,0.7988683,0.98509806,0.98557293,0.98574567,0.98005915,0.34366387,0.72683376,0.34748918,0.98690146,0.8550968,0.19718862,0.82076705,0.2055201,0.5769856,1.0,0.36369413,0.27500957,0.2235322,0.3591485,0.35385707,0.47597757,0.5218814,0.27500957,0.20341057,0.47254086,0.35716015,0.27500957,0.5248262,0.8010075,0.47318098,0.3607145,0.47438744,0.3509272,0.27811676,0.7838271,0.47029135,0.34995025,0.27500957,0.81327146,0.8147377,0.623766,0.7965379,0.20624292,0.47000617,0.22034627,0.99072033,0.44252044,0.49508756,0.96415454,0.5670886,0.8565807,0.37028843,0.843102,0.35903877,0.21614096,0.5745157,0.8074872,0.7098576,0.7082969,0.26739523,0.54069114
RCIP0050,0.99339575,0.37438387,0.9036937,0.35445076,0.3377871,0.4585837,0.8443723,0.46912184,0.36446935,0.81594664,0.46868837,0.4088378,0.32122386,0.42193857,0.38692492,0.38742507,0.38223997,0.3704741,0.9755144,0.31125706,0.836105,0.39598486,0.42465192,0.41582477,0.38747385,0.41064268,0.3435346,0.36369413,1.0,0.3327465,0.4226782,0.83290523,0.82870436,0.8316733,0.3747821,0.3327465,0.3874846,0.4616268,0.83482873,0.3327465,0.3777809,0.4130764,0.46433005,0.833786,0.8334637,0.8396046,0.32695615,0.35657567,0.46526316,0.8388242,0.3327465,0.39206535,0.39683464,0.4875393,0.40947476,0.39081147,0.8355248,0.42373973,0.38700745,0.91711915,0.32422483,0.40571982,0.3427955,0.42997086,0.99478316,0.45332792,0.99551,0.42592862,0.34434944,0.39540437,0.33830982,0.33880055,0.33248502,0.5225824
RCIP0054,0.33403078,0.38651624,0.25529096,0.29796892,0.99810815,0.38835707,0.27219993,0.5234017,0.5292312,0.26146704,0.3817625,0.84742665,0.525196,0.19964677,0.2519019,0.25215024,0.25209397,0.30374694,0.32312638,0.37940046,0.30299073,0.25690103,0.32155675,0.84680307,0.25097394,0.8571416,0.32939857,0.27500957,0.3327465,1.0,0.8238573,0.27464277,0.26885635,0.26437646,0.43291438,1.0,0.86755276,0.36834174,0.29525802,1.0,0.39264423,0.25900963,0.37137964,0.26068646,0.25849894,0.2998991,0.91709656,0.29787478,0.37464562,0.30106163,1.0,0.23774365,0.23616439,0.3795942,0.26482648,0.8616404,0.26391238,0.84203386,0.2664237,0.3146186,0.5241434,0.29174763,0.336577,0.31472352,0.33195472,0.31946447,0.33238214,0.83061653,0.32935145,0.23858708,0.37605733,0.3678394,0.9977732,0.37506393
RCIP0055,0.42293593,0.29022017,0.35879862,0.27692962,0.82725805,0.3485285,0.37436432,0.55635166,0.44468448,0.31758845,0.36057317,0.97850966,0.4992995,0.29096323,0.21824187,0.21620435,0.21328393,0.23891056,0.39990947,0.28549653,0.36051852,0.21850044,0.26057875,0.9755293,0.30811888,0.9743526,0.3236102,0.2235322,0.4226782,0.8238573,1.0,0.38054097,0.3788241,0.32128412,0.44480386,0.8238573,0.97200084,0.3332397,0.35857898,0.8238573,0.2917009,0.31704384,0.33744437,0.37107688,0.3185029,0.35992652,0.85953677,0.27736157,0.33757877,0.35762852,0.8238573,0.3052904,0.3046794,0.38472548,0.32657528,0.9733874,0.32661727,0.9962118,0.21915737,0.38216454,0.5000264,0.24607119,0.3437081,0.2584259,0.42264852,0.26946673,0.4227116,0.9842435,0.33292127,0.30842447,0.28722516,0.28118163,0.82848,0.5393679
RCIP0056,0.8360878,0.49079496,0.8438467,0.40988302,0.27426207,0.5338692,0.9896724,0.46511155,0.43220937,0.7474165,0.5506341,0.38204426,0.3394319,0.47377518,0.37500602,0.37511683,0.3750788,0.34422368,0.87205815,0.3588612,0.85313135,0.38156828,0.40058467,0.38482237,0.4318046,0.37308484,0.53814006,0.3591485,0.83290523,0.27464277,0.38054097,1.0,0.990144,0.7521928,0.44467992,0.27464277,0.3619635,0.55091006,0.8498968,0.27464277,0.50640315,0.43883294,0.5501193,0.9902728,0.7603711,0.8504889,0.28385836,0.4063481,0.54937077,0.85370743,0.27464277,0.44087774,0.4452874,0.49833095,0.43431956,0.36962143,0.761142,0.38296223,0.3765128,0.7845969,0.34003723,0.3654836,0.5532265,0.40110368,0.8303092,0.40956014,0.83170307,0.38170034,0.5577636,0.44644642,0.3784498,0.38407394,0.27641624,0.54890573
RCIP0058,0.83280885,0.4971626,0.8499175,0.40459287,0.26902145,0.55096346,0.985092,0.4773171,0.42678037,0.75046843,0.5672528,0.3820587,0.33977032,0.47460634,0.37052196,0.37072182,0.3706631,0.34166974,0.8778644,0.35595304,0.8640602,0.37730384,0.3952021,0.3862096,0.42896122,0.3737657,0.5321297,0.35385707,0.82870436,0.26885635,0.3788241,0.990144,1.0,0.7540139,0.45895883,0.26885635,0.36187577,0.56699693,0.8655376,0.26885635,0.5143318,0.43936968,0.56652045,0.99803007,0.763333,0.8631871,0.28345653,0.40131807,0.5657323,0.86593294,0.26885635,0.44178942,0.444714,0.4943101,0.43568033,0.36897948,0.7634476,0.37876153,0.37112242,0.7787175,0.34068942,0.35903627,0.5458132,0.39755908,0.82907254,0.40702775,0.8308064,0.3822176,0.5509006,0.44759127,0.3755964,0.38067234,0.27241126,0.5446833
RCIP0059,0.82588845,0.51752234,0.8823961,0.4401108,0.26655135,0.48892596,0.757322,0.38042575,0.361507,0.9944798,0.47495368,0.30290028,0.41711885,0.46725348,0.5174548,0.5185821,0.5158341,0.47623864,0.81466174,0.39245722,0.8269805,0.5180857,0.52260906,0.3046537,0.4218849,0.30331743,0.46530187,0.47597757,0.8316733,0.26437646,0.32128412,0.7521928,0.7540139,1.0,0.36015308,0.26437646,0.29046792,0.5039919,0.8245436,0.26437646,0.5154133,0.43173352,0.50274974,0.7637881,0.9967748,0.834297,0.27107665,0.4423746,0.5029398,0.83289856,0.26437646,0.42958337,0.43159324,0.48902056,0.42976633,0.2915006,0.99689686,0.307945,0.5046341,0.856644,0.4171337,0.50670683,0.45437667,0.5254334,0.8138992,0.5410933,0.83334637,0.32206425,0.4607222,0.42812786,0.39835382,0.40402907,0.26325172,0.5107359
RCIP0060,0.3759746,0.5439916,0.36674672,0.5760142,0.4233232,0.7107715,0.4422956,0.6857429,0.6876854,0.3799406,0.7117367,0.4536902,0.5457674,0.55852884,0.5042936,0.5059168,0.5105382,0.5133901,0.4115317,0.5590625,0.39884663,0.51380277,0.4868768,0.45549577,0.58567005,0.44566104,0.60277826,0.5218814,0.3747821,0.43291438,0.44480386,0.44467992,0.45895883,0.36015308,1.0,0.43291438,0.45612225,0.6927483,0.4138904,0.43291438,0.57996106,0.56571746,0.693642,0.45445403,0.36397237,0.40201357,0.4982944,0.56971115,0.68997574,0.3976796,0.43291438,0.5917666,0.58655703,0.5759026,0.56421334,0.44937587,0.35280377,0.43902665,0.50969326,0.36878735,0.5440915,0.4734804,0.60544693,0.46964324,0.3837279,0.4338453,0.37632906,0.43282843,0.60469526,0.5889027,0.5582217,0.5662754,0.43214437,0.5473236
RCIP0061,0.33403078,0.38651624,0.25529096,0.29796892,0.99810815,0.38835707,0.27219993,0.5234017,0.5292312,0.26146704,0.3817625,0.84742665,0.525196,0.19964677,0.2519019,0.25215024,0.25209397,0.30374694,0.32312638,0.37940046,0.30299073,0.25690103,0.32155675,0.84680307,0.25097394,0.8571416,0.32939857,0.27500957,0.3327465,1.0,0.8238573,0.27464277,0.26885635,0.26437646,0.43291438,1.0,0.86755276,0.36834174,0.29525802,1.0,0.39264423,0.25900963,0.37137964,0.26068646,0.25849894,0.2998991,0.91709656,0.29787478,0.37464562,0.30106163,1.0,0.23774365,0.23616439,0.3795942,0.26482648,0.8616404,0.26391238,0.84203386,0.2664237,0.3146186,0.5241434,0.29174763,0.336577,0.31472352,0.33195472,0.31946447,0.33238214,0.83061653,0.32935145,0.23858708,0.37605733,0.3678394,0.9977732,0.37506393
RCIP0063,0.38938683,0.35880333,0.31433073,0.2724205,0.8671928,0.4113304,0.3532784,0.54415053,0.48674121,0.29089594,0.417626,0.9929469,0.53234035,0.23331034,0.19457483,0.19327235,0.19263971,0.2166447,0.37913388,0.2939872,0.34069347,0.19177383,0.23281199,0.99397075,0.25377443,0.9929921,0.35025832,0.20341057,0.3874846,0.86755276,0.97200084,0.3619635,0.36187577,0.29046792,0.45612225,0.86755276,1.0,0.39612687,0.33646125,0.86755276,0.35390487,0.26272193,0.40092444,0.35239762,0.286959,0.3386684,0.87558186,0.2706187,0.40232992,0.33907837,0.86755276,0.2506266,0.24796811,0.37485763,0.27172,0.99235237,0.29323336,0.9733399,0.19749957,0.3478707,0.5310242,0.21197316,0.36541694,0.22944608,0.38527238,0.23752242,0.38905925,0.9777312,0.3567667,0.25411037,0.29465666,0.2898914,0.87145984,0.45529032
RCIP0064,0.47025996,0.77602506,0.4839351,0.4839317,0.3591179,0.99210334,0.5412491,0.61856914,0.6554259,0.51295626,0.98498,0.38010752,0.47236872,0.4945192,0.47267547,0.47255284,0.48005113,0.43826926,0.50746113,0.47012702,0.5239964,0.4759482,0.44558454,0.38647294,0.47533077,0.3749012,0.73564297,0.47254086,0.4616268,0.36834174,0.3332397,0.55091006,0.56699693,0.5039919,0.6927483,0.36834174,0.39612687,1.0,0.5325836,0.36834174,0.7736242,0.4762404,0.9980677,0.55983126,0.5060278,0.52191913,0.40546876,0.47689474,0.9979944,0.5241354,0.36834174,0.47717172,0.47292367,0.524678,0.47352913,0.3789537,0.49610972,0.3340013,0.48469988,0.48019463,0.47045764,0.43099278,0.7300657,0.447946,0.46078864,0.42607754,0.4615021,0.34081203,0.73698026,0.48029804,0.46856567,0.48058277,0.36616284,0.47541413
RCIP0067,0.8351443,0.5083613,0.9548597,0.43940818,0.29834104,0.5160647,0.8590424,0.37751776,0.38264528,0.82966363,0.5252026,0.346152,0.3764682,0.4509558,0.38059878,0.38490456,0.38235098,0.35563844,0.8741997,0.38293248,0.99423134,0.38440812,0.3721617,0.3598318,0.39068052,0.33980343,0.44124418,0.35716015,0.83482873,0.29525802,0.35857898,0.8498968,0.8655376,0.8245436,0.4138904,0.29525802,0.33646125,0.5325836,1.0,0.29525802,0.5259029,0.40086836,0.53235537,0.8658306,0.83483475,0.9944495,0.2860523,0.43953228,0.5327081,0.993358,0.29525802,0.40419638,0.4042596,0.525709,0.4013101,0.33147195,0.83668673,0.35719666,0.37477198,0.8055027,0.3756446,0.37690502,0.4451676,0.38138252,0.8354821,0.40237102,0.83701575,0.35513508,0.45250738,0.40442228,0.4067415,0.4079824,0.29970473,0.47871676
RCIP0068,0.33403078,0.38651624,0.25529096,0.29796892,0.99810815,0.38835707,0.27219993,0.5234017,0.5292312,0.26146704,0.3817625,0.84742665,0.525196,0.19964677,0.2519019,0.25215024,0.25209397,0.30374694,0.32312638,0.37940046,0.30299073,0.25690103,0.32155675,0.84680307,0.25097394,0.8571416,0.32939857,0.27500957,0.3327465,1.0,0.8238573,0.27464277,0.26885635,0.26437646,0.43291438,1.0,0.86755276,0.36834174,0.29525802,1.0,0.39264423,0.25900963,0.37137964,0.26068646,0.25849894,0.2998991,0.91709656,0.29787478,0.37464562,0.30106163,1.0,0.23774365,0.23616439,0.3795942,0.26482648,0.8616404,0.26391238,0.84203386,0.2664237,0.3146186,0.5241434,0.29174763,0.336577,0.31472352,0.33195472,0.31946447,0.33238214,0.83061653,0.32935145,0.23858708,0.37605733,0.3678394,0.9977732,0.37506393
RCIP0069,0.3849578,0.9555973,0.4614011,0.58432025,0.3880073,0.76222014,0.50166935,0.4876496,0.6947561,0.5298313,0.74674004,0.3295568,0.60530245,0.4823362,0.53206617,0.5360251,0.54350936,0.51451933,0.42708278,0.5974679,0.52955157,0.5178138,0.49913174,0.3361214,0.45775992,0.32958114,0.8239052,0.5248262,0.3777809,0.39264423,0.2917009,0.50640315,0.5143318,0.5154133,0.57996106,0.39264423,0.35390487,0.7736242,0.5259029,0.39264423,1.0,0.44128913,0.7747979,0.51326346,0.5179223,0.52641696,0.3612542,0.57540584,0.7739449,0.5286695,0.39264423,0.46683273,0.4614933,0.52609885,0.43971968,0.34272525,0.5084077,0.2900808,0.52499384,0.41244,0.60029244,0.4827741,0.81329465,0.4839847,0.36835787,0.4813573,0.38165507,0.30255663,0.8210654,0.46679127,0.58271,0.5954374,0.3954473,0.34985936
RCIP0072,0.40895116,0.44346502,0.4394599,0.664259,0.25745332,0.46730787,0.45426673,0.51874137,0.41776186,0.42626402,0.48087332,0.27944994,0.49505535,0.965836,0.7824003,0.77959085,0.77381694,0.78496826,0.3958187,0.63738763,0.39582652,0.78839934,0.7194047,0.27416724,0.985019,0.27381635,0.5814412,0.8010075,0.4130764,0.25900963,0.31704384,0.43883294,0.43936968,0.43173352,0.56571746,0.25900963,0.26272193,0.4762404,0.40086836,0.25900963,0.44128913,1.0,0.4712075,0.4443181,0.437293,0.39833826,0.32950845,0.67528206,0.4686336,0.39551404,0.25900963,0.9822787,0.98573464,0.52486306,0.99689966,0.2758818,0.4363228,0.30846733,0.7782066,0.4437601,0.5018625,0.79704344,0.5822369,0.7360791,0.4293725,0.7191643,0.40729275,0.2998992,0.5799147,0.9850372,0.63239866,0.62757903,0.2568013,0.66099864
RCIP0074,0.4741838,0.77493805,0.482907,0.47748348,0.36152294,0.99165714,0.5404371,0.62889564,0.66725534,0.512711,0.98540956,0.3841252,0.46421733,0.48686883,0.47191897,0.47207063,0.4795249,0.43766785,0.5115093,0.46314678,0.5239276,0.47613975,0.4444699,0.39079833,0.4706565,0.3784395,0.7321255,0.47318098,0.46433005,0.37137964,0.33744437,0.5501193,0.56652045,0.50274974,0.693642,0.37137964,0.40092444,0.9980677,0.53235537,0.37137964,0.7747979,0.4712075,1.0,0.55939513,0.5051347,0.5215643,0.40763727,0.47058183,0.99929976,0.52376497,0.37137964,0.4722581,0.46777573,0.52591586,0.46873403,0.38215798,0.49505493,0.33851779,0.48486227,0.47807842,0.46199405,0.42983034,0.72624487,0.44721577,0.46420345,0.42476958,0.46486694,0.34422773,0.73376024,0.47533154,0.46268737,0.47440436,0.36856687,0.4735696
RCIP0077,0.8392626,0.49762067,0.85515034,0.41212136,0.26086542,0.54152524,0.9868376,0.47088376,0.42645156,0.7595659,0.5576364,0.3726853,0.3448106,0.48124984,0.3778906,0.37784174,0.3778141,0.34761196,0.88078606,0.36295968,0.8642416,0.3836618,0.40333498,0.3763098,0.43437108,0.36454403,0.53371334,0.3607145,0.833786,0.26068646,0.37107688,0.9902728,0.99803007,0.7637881,0.45445403,0.26068646,0.35239762,0.55983126,0.8658306,0.26068646,0.51326346,0.4443181,0.55939513,1.0,0.77148986,0.8631295,0.2753403,0.4089016,0.5584648,0.8656085,0.26068646,0.44575465,0.44951117,0.50016415,0.44040316,0.35917568,0.77273506,0.3701779,0.37739617,0.78025943,0.34613842,0.36659497,0.5465514,0.405501,0.83303267,0.41499376,0.83692163,0.37409848,0.55239785,0.45167258,0.38171956,0.38692418,0.26404804,0.549771
RCIP0078,0.8256865,0.5183499,0.88784724,0.43920955,0.26092267,0.4915905,0.7630706,0.38118565,0.35504532,0.9948138,0.47830006,0.2999208,0.4094186,0.4722472,0.51471955,0.51614004,0.5134698,0.47388393,0.8179805,0.39076385,0.83855253,0.5159798,0.5171089,0.30130798,0.4288876,0.30027205,0.47087651,0.47438744,0.8334637,0.25849894,0.3185029,0.7603711,0.763333,0.9967748,0.36397237,0.25849894,0.286959,0.5060278,0.83483475,0.25849894,0.5179223,0.437293,0.5051347,0.77148986,1.0,0.8454354,0.26429498,0.44169375,0.50460637,0.8443236,0.25849894,0.43731853,0.43840382,0.4925251,0.43539804,0.28902233,0.99781483,0.3061219,0.5023198,0.8601002,0.408983,0.50415796,0.4590788,0.5199165,0.8166788,0.5361098,0.8342836,0.3211543,0.46534815,0.43584958,0.3966118,0.40254164,0.25827467,0.51626396
RCIP0079,0.8378503,0.51083857,0.9596404,0.434205,0.3031084,0.505021,0.85678566,0.37193823,0.37539697,0.8405944,0.5131952,0.34757173,0.38312432,0.44834498,0.37609267,0.38072926,0.3773201,0.3489179,0.8732242,0.3783949,0.9985531,0.37934947,0.3681891,0.36000872,0.39024857,0.3423844,0.44810197,0.3509272,0.8396046,0.2998991,0.35992652,0.8504889,0.8631871,0.834297,0.40201357,0.2998991,0.3386684,0.52191913,0.9944495,0.2998991,0.52641696,0.39833826,0.5215643,0.8631295,0.8454354,1.0,0.29046115,0.43494797,0.5219673,0.9991254,0.2998991,0.40357742,0.40369007,0.50953263,0.39945215,0.3345073,0.8471113,0.35863167,0.36903954,0.81157357,0.38197616,0.37061518,0.44834405,0.37881202,0.8393423,0.39796636,0.84012455,0.3590544,0.45449406,0.40355796,0.4000458,0.40205377,0.3042181,0.4761977
RCIP0081,0.33070362,0.35816774,0.2635127,0.29079238,0.9134915,0.41855007,0.28250897,0.5569705,0.5096758,0.2665299,0.42725366,0.86174625,0.5252842,0.28044507,0.2648831,0.26454592,0.2626886,0.29235375,0.31717277,0.35419288,0.29056403,0.26888567,0.33286265,0.8614205,0.32119992,0.86061764,0.3475241,0.27811676,0.32695615,0.91709656,0.85953677,0.28385836,0.28345653,0.27107665,0.4982944,0.91709656,0.87558186,0.40546876,0.2860523,0.91709656,0.3612542,0.32950845,0.40763727,0.2753403,0.26429498,0.29046115,1.0,0.29063377,0.40943906,0.2896035,0.91709656,0.30462086,0.3061211,0.37853548,0.33366498,0.86539775,0.27230102,0.8685407,0.2719698,0.30846375,0.5272938,0.29341584,0.35851765,0.33121133,0.33081692,0.3248055,0.3276482,0.8461405,0.35079628,0.30683035,0.34470144,0.34000057,0.91467667,0.50196725
RCIP0082,0.35517353,0.60897815,0.4338817,0.99783385,0.30071744,0.47017762,0.39422324,0.40064293,0.53233564,0.45721665,0.4572789,0.2647779,0.5572865,0.7312796,0.76968384,0.7722273,0.77856725,0.7630199,0.3580963,0.8806686,0.4358489,0.75383544,0.6370859,0.26665014,0.7191056,0.26111558,0.56903076,0.7838271,0.35657567,0.29787478,0.27736157,0.4063481,0.40131807,0.4423746,0.56971115,0.29787478,0.2706187,0.47689474,0.43953228,0.29787478,0.57540584,0.67528206,0.47058183,0.4089016,0.44169375,0.43494797,0.29063377,1.0,0.4692642,0.43346983,0.29787478,0.72209424,0.717291,0.70349836,0.67009443,0.26517755,0.43379068,0.26983002,0.757304,0.38889995,0.5521506,0.75105727,0.55579513,0.64282465,0.3616486,0.61986095,0.35367078,0.27264526,0.56415594,0.7147696,0.8673765,0.8709197,0.2961251,0.44864085
RCIP0083,0.47533292,0.7754339,0.48240864,0.47611263,0.3649398,0.99152035,0.5400526,0.62812877,0.6692393,0.51207185,0.98527455,0.3851142,0.4659213,0.48357642,0.46984932,0.46990606,0.47715423,0.43533915,0.512559,0.46266136,0.5244264,0.47362134,0.4434053,0.39237356,0.46727824,0.37967303,0.7294996,0.47029135,0.46526316,0.37464562,0.33757877,0.54937077,0.5657323,0.5029398,0.68997574,0.37464562,0.40232992,0.9979944,0.5327081,0.37464562,0.7739449,0.4686336,0.99929976,0.5584648,0.50460637,0.5219673,0.40943906,0.4692642,1.0,0.52425355,0.37464562,0.4687525,0.4643671,0.5239897,0.46606627,0.383161,0.4949952,0.33887297,0.4826586,0.47879916,0.46370026,0.42804518,0.723841,0.44616085,0.46496704,0.4244249,0.46591908,0.34368297,0.73111427,0.47157297,0.46271408,0.4745309,0.3715881,0.4691549
RCIP0085,0.83708763,0.51443654,0.9579705,0.4329648,0.304301,0.50747424,0.85995424,0.36745718,0.37735277,0.83936274,0.5155591,0.34708077,0.3843925,0.44539988,0.37553686,0.38028517,0.37698877,0.3478995,0.8737111,0.37872228,0.99824107,0.37877676,0.36934766,0.359569,0.38780648,0.34205234,0.45188662,0.34995025,0.8388242,0.30106163,0.35762852,0.85370743,0.86593294,0.83289856,0.3976796,0.30106163,0.33907837,0.5241354,0.993358,0.30106163,0.5286695,0.39551404,0.52376497,0.8656085,0.8443236,0.9991254,0.2896035,0.43346983,0.52425355,1.0,0.30106163,0.40076658,0.40089566,0.50736505,0.39650613,0.33463073,0.8462102,0.35708776,0.3687892,0.8121252,0.3830275,0.3692624,0.45122617,0.37968722,0.83877504,0.39948416,0.83905846,0.35741496,0.4573774,0.4008494,0.40035492,0.40257543,0.3054573,0.47340554
RCIP0086,0.33403078,0.38651624,0.25529096,0.29796892,0.99810815,0.38835707,0.27219993,0.5234017,0.5292312,0.26146704,0.3817625,0.84742665,0.525196,0.19964677,0.2519019,0.25215024,0.25209397,0.30374694,0.32312638,0.37940046,0.30299073,0.25690103,0.32155675,0.84680307,0.25097394,0.8571416,0.32939857,0.27500957,0.3327465,1.0,0.8238573,0.27464277,0.26885635,0.26437646,0.43291438,1.0,0.86755276,0.36834174,0.29525802,1.0,0.39264423,0.25900963,0.37137964,0.26068646,0.25849894,0.2998991,0.91709656,0.29787478,0.37464562,0.30106163,1.0,0.23774365,0.23616439,0.3795942,0.26482648,0.8616404,0.26391238,0.84203386,0.2664237,0.3146186,0.5241434,0.29174763,0.336577,0.31472352,0.33195472,0.31946447,0.33238214,0.83061653,0.32935145,0.23858708,0.37605733,0.3678394,0.9977732,0.37506393
RCIP0087,0.3840576,0.46874237,0.44090688,0.7111367,0.23629594,0.47017038,0.44938385,0.512069,0.42519307,0.43088192,0.4819504,0.26785123,0.52064705,0.96941894,0.7953831,0.7932769,0.78862333,0.7907277,0.37312645,0.6649124,0.4009866,0.7958584,0.7070986,0.25933704,0.99140537,0.26158297,0.61436635,0.81327146,0.39206535,0.23774365,0.3052904,0.44087774,0.44178942,0.42958337,0.5917666,0.23774365,0.2506266,0.47717172,0.40419638,0.23774365,0.46683273,0.9822787,0.4722581,0.44575465,0.43731853,0.40357742,0.30462086,0.72209424,0.4687525,0.40076658,0.23774365,1.0,0.9979725,0.54584694,0.98358184,0.26752624,0.43212122,0.295713,0.789948,0.42819798,0.5252817,0.7932974,0.6102364,0.7205651,0.40678903,0.70032257,0.38512167,0.2914434,0.608196,0.9984674,0.65592015,0.65214217,0.23605168,0.65048814
RCIP0088,0.3897571,0.46441308,0.4437503,0.7071396,0.23465565,0.46398962,0.45486417,0.5127757,0.43044767,0.43141854,0.47707346,0.26598886,0.51396203,0.97198874,0.7994879,0.7972988,0.79221237,0.7928963,0.37783727,0.662954,0.40121403,0.8000809,0.7161597,0.25686648,0.994666,0.25932524,0.6101732,0.8147377,0.39683464,0.23616439,0.3046794,0.4452874,0.444714,0.43159324,0.58655703,0.23616439,0.24796811,0.47292367,0.4042596,0.23616439,0.4614933,0.98573464,0.46777573,0.44951117,0.43840382,0.40369007,0.3061211,0.717291,0.4643671,0.40089566,0.23616439,0.9979725,1.0,0.54507583,0.9856783,0.2648566,0.4347815,0.29566145,0.79329437,0.4290685,0.5191679,0.8004877,0.60548383,0.72890115,0.41165832,0.709603,0.3901802,0.28886008,0.6033535,0.998288,0.6541697,0.6502692,0.23422062,0.6540333
RCIP0089,0.49886885,0.5331967,0.5176121,0.7105657,0.38031417,0.5310977,0.48973277,0.47450382,0.5640974,0.505621,0.5367346,0.37933928,0.4184343,0.56109905,0.6131501,0.61811703,0.6211431,0.59375495,0.49514434,0.61681455,0.50876206,0.6096308,0.52444625,0.38183218,0.550059,0.37677446,0.53020984,0.623766,0.4875393,0.3795942,0.38472548,0.49833095,0.4943101,0.48902056,0.5759026,0.3795942,0.37485763,0.524678,0.525709,0.3795942,0.52609885,0.52486306,0.52591586,0.50016415,0.4925251,0.50953263,0.37853548,0.70349836,0.5239897,0.50736505,0.3795942,0.54584694,0.54507583,1.0,0.51493603,0.37550128,0.4904256,0.38170192,0.6182384,0.47119108,0.415649,0.6210322,0.5297519,0.52416074,0.49170026,0.51990014,0.49198395,0.37788743,0.53556526,0.5412848,0.61890304,0.62438357,0.3763218,0.53126544
RCIP0090,0.4040792,0.4420671,0.4388127,0.6587844,0.26342803,0.4647323,0.44938403,0.51621664,0.41501334,0.42570263,0.47866648,0.28877446,0.5018348,0.9640278,0.77508074,0.7720562,0.7664461,0.7776395,0.3890675,0.63091224,0.39676824,0.7806756,0.70962477,0.2830127,0.9844118,0.2833089,0.58434415,0.7965379,0.40947476,0.26482648,0.32657528,0.43431956,0.43568033,0.42976633,0.56421334,0.26482648,0.27172,0.47352913,0.4013101,0.26482648,0.43971968,0.99689966,0.46873403,0.44040316,0.43539804,0.39945215,0.33366498,0.67009443,0.46606627,0.39650613,0.26482648,0.98358184,0.9856783,0.51493603,1.0,0.28502524,0.43413684,0.31730145,0.7720824,0.43740714,0.50851125,0.78664917,0.58465743,0.7274773,0.42485785,0.70935285,0.4027115,0.31103185,0.5823774,0.9861924,0.62558717,0.61981815,0.262514,0.6618458
RCIP0091,0.3897372,0.34346643,0.31932014,0.26717514,0.86372787,0.39534444,0.35952923,0.5461296,0.46875858,0.29004967,0.40290156,0.9949136,0.5297761,0.24789122,0.19832861,0.19608474,0.19533938,0.21691069,0.3768549,0.29880822,0.33625233,0.19447288,0.24145013,0.9893465,0.26824576,0.9958991,0.35614514,0.20624292,0.39081147,0.8616404,0.9733874,0.36962143,0.36897948,0.2915006,0.44937587,0.8616404,0.99235237,0.3789537,0.33147195,0.8616404,0.34272525,0.2758818,0.38215798,0.35917568,0.28902233,0.3345073,0.86539775,0.26517755,0.383161,0.33463073,0.8616404,0.26752624,0.2648566,0.37550128,0.28502524,1.0,0.2947894,0.9746727,0.19973493,0.35277888,0.5294653,0.21414351,0.37085357,0.23655546,0.3872325,0.24575609,0.39094013,0.98576856,0.3608127,0.27103513,0.29890227,0.29413053,0.86663175,0.47654665
RCIP0092,0.83050334,0.50949,0.8915482,0.43107772,0.2665114,0.4806186,0.76654863,0.37802047,0.35199428,0.99308974,0.46760336,0.30648944,0.40519494,0.47120926,0.5127991,0.51418024,0.51086444,0.4713244,0.820692,0.38499415,0.8407646,0.5141889,0.52166086,0.3082242,0.42560005,0.30643505,0.46199423,0.47000617,0.8355248,0.26391238,0.32661727,0.761142,0.7634476,0.99689686,0.35280377,0.26391238,0.29323336,0.49610972,0.83668673,0.26391238,0.5084077,0.4363228,0.49505493,0.77273506,0.99781483,0.8471113,0.27230102,0.43379068,0.4949952,0.8462102,0.26391238,0.43212122,0.4347815,0.4904256,0.43413684,0.2947894,1.0,0.31387955,0.49941838,0.85965437,0.40551376,0.504014,0.45145777,0.52471375,0.81900424,0.5423017,0.8373616,0.327088,0.45736486,0.43107054,0.39126766,0.39716637,0.26363313,0.5216193
RCIP0093,0.4235493,0.28885466,0.3529119,0.27034223,0.84529865,0.34927115,0.37608966,0.55316067,0.44930762,0.30420095,0.36347166,0.97806007,0.49320704,0.28020048,0.21319371,0.21146357,0.20864421,0.23774442,0.4032443,0.28012305,0.35996515,0.21419457,0.25619495,0.975325,0.30049372,0.9737564,0.31776905,0.22034627,0.42373973,0.84203386,0.9962118,0.38296223,0.37876153,0.307945,0.43902665,0.84203386,0.9733399,0.3340013,0.35719666,0.84203386,0.2900808,0.30846733,0.33851779,0.3701779,0.3061219,0.35863167,0.8685407,0.26983002,0.33887297,0.35708776,0.84203386,0.295713,0.29566145,0.38170192,0.31730145,0.9746727,0.31387955,1.0,0.21685502,0.3810066,0.4935851,0.24406722,0.33851272,0.2537468,0.42358097,0.26586118,0.4227433,0.9818329,0.32775083,0.2988418,0.28203395,0.2756061,0.8466724,0.53228277
RCIP0094,0.384776,0.5383353,0.4155736,0.7534821,0.26318845,0.4820453,0.37665468,0.45564654,0.52762055,0.50577533,0.46783522,0.20193666,0.48814955,0.779874,0.9914331,0.9914496,0.9913359,0.97744757,0.3688717,0.7014351,0.36634725,0.99345434,0.8697458,0.19299924,0.79763687,0.19973257,0.57211256,0.99072033,0.38700745,0.2664237,0.21915737,0.3765128,0.37112242,0.5046341,0.50969326,0.2664237,0.19749957,0.48469988,0.37477198,0.2664237,0.52499384,0.7782066,0.48486227,0.37739617,0.5023198,0.36903954,0.2719698,0.757304,0.4826586,0.3687892,0.2664237,0.789948,0.79329437,0.6182384,0.7720824,0.19973493,0.49941838,0.21685502,1.0,0.4679783,0.48738962,0.96930337,0.5617498,0.8687857,0.39038426,0.8586602,0.38251173,0.2080642,0.56837505,0.78386676,0.68445474,0.6842567,0.25961286,0.548645
RCIP0097,0.9101385,0.40677762,0.8744,0.38745707,0.31885442,0.48139817,0.79221636,0.4237389,0.34238452,0.83862066,0.47588506,0.3644451,0.33134443,0.45642912,0.46942997,0.46880245,0.4636113,0.4559876,0.8908323,0.3533305,0.80775756,0.47805664,0.48447722,0.36957324,0.42366666,0.36464983,0.3780131,0.44252044,0.91711915,0.3146186,0.38216454,0.7845969,0.7787175,0.856644,0.36878735,0.3146186,0.3478707,0.48019463,0.8055027,0.3146186,0.41244,0.4437601,0.47807842,0.78025943,0.8601002,0.81157357,0.30846375,0.38889995,0.47879916,0.8121252,0.3146186,0.42819798,0.4290685,0.47119108,0.43740714,0.35277888,0.85965437,0.3810066,0.4679783,1.0,0.33444577,0.47780508,0.37984735,0.48703724,0.909228,0.50516737,0.90745527,0.38241738,0.38244987,0.4288085,0.36906618,0.37102973,0.3139291,0.53812265
RCIP0098,0.31744644,0.6110317,0.3713836,0.5532624,0.5303801,0.45470145,0.33780277,0.41758004,0.5213481,0.4166819,0.45145997,0.5151424,0.9988652,0.54010403,0.50164616,0.4990269,0.50118166,0.5098561,0.31888407,0.58442795,0.3797309,0.4758643,0.49433985,0.5177144,0.5105954,0.5235853,0.611422,0.49508756,0.32422483,0.5241434,0.5000264,0.34003723,0.34068942,0.4171337,0.5440915,0.5241434,0.5310242,0.47045764,0.3756446,0.5241434,0.60029244,0.5018625,0.46199405,0.34613842,0.408983,0.38197616,0.5272938,0.5521506,0.46370026,0.3830275,0.5241434,0.5252817,0.5191679,0.415649,0.50851125,0.5294653,0.40551376,0.4935851,0.48738962,0.33444577,1.0,0.4641029,0.5985342,0.48913938,0.31128377,0.48747933,0.3297187,0.52179575,0.5971222,0.51761484,0.5588517,0.5628828,0.532925,0.483165
RCIP0099,0.40384215,0.49698204,0.42469373,0.7461587,0.29026443,0.42825782,0.3729645,0.4528013,0.5077424,0.503691,0.41527045,0.21913964,0.46463475,0.77571183,0.97064966,0.9713454,0.9696433,0.9692224,0.38135123,0.7013813,0.36758965,0.97472787,0.87758434,0.21083105,0.80578995,0.21807528,0.5134953,0.96415454,0.40571982,0.29174763,0.24607119,0.3654836,0.35903627,0.50670683,0.4734804,0.29174763,0.21197316,0.43099278,0.37690502,0.29174763,0.4827741,0.79704344,0.42983034,0.36659497,0.50415796,0.37061518,0.29341584,0.75105727,0.42804518,0.3692624,0.29174763,0.7932974,0.8004877,0.6210322,0.78664917,0.21414351,0.504014,0.24406722,0.96930337,0.47780508,0.4641029,1.0,0.50575227,0.8773722,0.4100693,0.87635434,0.4029615,0.22925514,0.51006466,0.7900462,0.6876299,0.6833749,0.28580537,0.54891384
RCIP0101,0.3500188,0.8202862,0.41633016,0.5616958,0.3340388,0.7182135,0.54675025,0.5515318,0.66364956,0.46445534,0.71755075,0.35796896,0.6008018,0.6230743,0.55378824,0.55265754,0.55755526,0.5410275,0.3719165,0.5370596,0.45188257,0.5479818,0.50914603,0.3514198,0.6011999,0.35377705,0.9867515,0.5670886,0.3427955,0.336577,0.3437081,0.5532265,0.5458132,0.45437667,0.60544693,0.336577,0.36541694,0.7300657,0.4451676,0.336577,0.81329465,0.5822369,0.72624487,0.5465514,0.4590788,0.44834405,0.35851765,0.55579513,0.723841,0.45122617,0.336577,0.6102364,0.60548383,0.5297519,0.58465743,0.37085357,0.45145777,0.33851272,0.5617498,0.37984735,0.5985342,0.50575227,1.0,0.50297433,0.33807677,0.48759365,0.34370786,0.35024768,0.99735713,0.60997725,0.52367973,0.5335118,0.3401662,0.53917676
RCIP0104,0.4247272,0.48274255,0.44037336,0.6388988,0.31244147,0.4437114,0.41556665,0.51953226,0.46173078,0.5136306,0.4332365,0.23541766,0.48736122,0.7191237,0.879591,0.87641466,0.87523854,0.8649599,0.40823704,0.7460754,0.37833017,0.8880111,0.9903126,0.22671902,0.72722685,0.23865542,0.51882786,0.8565807,0.42997086,0.31472352,0.2584259,0.40110368,0.39755908,0.5254334,0.46964324,0.31472352,0.22944608,0.447946,0.38138252,0.31472352,0.4839847,0.7360791,0.44721577,0.405501,0.5199165,0.37881202,0.33121133,0.64282465,0.44616085,0.37968722,0.31472352,0.7205651,0.72890115,0.52416074,0.7274773,0.23655546,0.52471375,0.2537468,0.8687857,0.48703724,0.48913938,0.8773722,0.50297433,1.0,0.43127722,0.98584324,0.43315494,0.24979451,0.505304,0.7204851,0.7415723,0.73864436,0.3091043,0.60388106
RCIP0105,0.9881525,0.36506596,0.900449,0.3591736,0.3359691,0.45833835,0.84340376,0.48097667,0.37430885,0.7998396,0.47115114,0.40613258,0.3082502,0.43305722,0.38940358,0.39053565,0.38492686,0.3779187,0.9743671,0.31380868,0.8355984,0.40075755,0.42503482,0.4134213,0.4032333,0.40781993,0.33815515,0.37028843,0.99478316,0.33195472,0.42264852,0.8303092,0.82907254,0.8138992,0.3837279,0.33195472,0.38527238,0.46078864,0.8354821,0.33195472,0.36835787,0.4293725,0.46420345,0.83303267,0.8166788,0.8393423,0.33081692,0.3616486,0.46496704,0.83877504,0.33195472,0.40678903,0.41165832,0.49170026,0.42485785,0.3872325,0.81900424,0.42358097,0.39038426,0.909228,0.31128377,0.4100693,0.33807677,0.43127722,1.0,0.45322043,0.99042106,0.42311764,0.3396147,0.41038722,0.34235162,0.34237847,0.33020762,0.5256424
RCIP0106,0.44963363,0.47589016,0.46169022,0.61558676,0.32003194,0.4225435,0.4289437,0.5108398,0.45707422,0.52679294,0.4128594,0.24357462,0.48468778,0.70471925,0.8743869,0.8715461,0.869216,0.85967296,0.4302441,0.7318922,0.3988074,0.879401,0.98357344,0.23740989,0.7072712,0.24828443,0.5022427,0.843102,0.45332792,0.31946447,0.26946673,0.40956014,0.40702775,0.5410933,0.4338453,0.31946447,0.23752242,0.42607754,0.40237102,0.31946447,0.4813573,0.7191643,0.42476958,0.41499376,0.5361098,0.39796636,0.3248055,0.61986095,0.4244249,0.39948416,0.31946447,0.70032257,0.709603,0.51990014,0.70935285,0.24575609,0.5423017,0.26586118,0.8586602,0.50516737,0.48747933,0.87635434,0.48759365,0.98584324,0.45322043,1.0,0.4588503,0.25864986,0.4879358,0.6998924,0.73158324,0.72740436,0.3148655,0.5825368
RCIP0107,0.9956113,0.3754303,0.9049653,0.35152024,0.33764946,0.45864353,0.84717727,0.47189865,0.3710524,0.81619745,0.46676868,0.40852675,0.32665503,0.41715124,0.38463736,0.3852172,0.38041773,0.36818284,0.9798342,0.3139032,0.8366262,0.39240772,0.42881566,0.41711035,0.3798029,0.4107263,0.34422863,0.35903877,0.99551,0.33238214,0.4227116,0.83170307,0.8308064,0.83334637,0.37632906,0.33238214,0.38905925,0.4615021,0.83701575,0.33238214,0.38165507,0.40729275,0.46486694,0.83692163,0.8342836,0.84012455,0.3276482,0.35367078,0.46591908,0.83905846,0.33238214,0.38512167,0.3901802,0.49198395,0.4027115,0.39094013,0.8373616,0.4227433,0.38251173,0.90745527,0.3297187,0.4029615,0.34370786,0.43315494,0.99042106,0.4588503,1.0,0.42501855,0.34499204,0.38842097,0.34155443,0.34187776,0.3327958,0.52221227
RCIP0108,0.4231071,0.3028332,0.35740495,0.27261874,0.8344418,0.35666728,0.37405688,0.5479884,0.4336074,0.3197692,0.36732578,0.98706573,0.5215242,0.27429998,0.2073428,0.20472413,0.2026031,0.22685763,0.4009422,0.2906605,0.35918415,0.20520467,0.24979004,0.9810547,0.29242942,0.9879493,0.33518422,0.21614096,0.42592862,0.83061653,0.9842435,0.38170034,0.3822176,0.32206425,0.43282843,0.83061653,0.9777312,0.34081203,0.35513508,0.83061653,0.30255663,0.2998992,0.34422773,0.37409848,0.3211543,0.3590544,0.8461405,0.27264526,0.34368297,0.35741496,0.83061653,0.2914434,0.28886008,0.37788743,0.31103185,0.98576856,0.327088,0.9818329,0.2080642,0.38241738,0.52179575,0.22925514,0.35024768,0.24979451,0.42311764,0.25864986,0.42501855,1.0,0.3398453,0.295302,0.29107735,0.28472322,0.83673596,0.51977503
RCIP0109,0.35197705,0.82862175,0.42053476,0.57068866,0.32620084,0.7233734,0.55075943,0.5445184,0.6651827,0.47170517,0.7216291,0.34823048,0.5999077,0.6232468,0.56024444,0.5593819,0.56480825,0.5466769,0.37497997,0.542892,0.45774698,0.5542226,0.51033705,0.34228766,0.59953654,0.34363654,0.98612493,0.5745157,0.34434944,0.32935145,0.33292127,0.5577636,0.5509006,0.4607222,0.60469526,0.32935145,0.3567667,0.73698026,0.45250738,0.32935145,0.8210654,0.5799147,0.73376024,0.55239785,0.46534815,0.45449406,0.35079628,0.56415594,0.73111427,0.4573774,0.32935145,0.608196,0.6033535,0.53556526,0.5823774,0.3608127,0.45736486,0.32775083,0.56837505,0.38244987,0.5971222,0.51006466,0.99735713,0.505304,0.3396147,0.4879358,0.34499204,0.3398453,1.0,0.6081759,0.5288035,0.539277,0.33263138,0.53302234
RCIP0110,0.3878938,0.46687126,0.4416911,0.70440763,0.23693186,0.47260034,0.45610976,0.5140151,0.4252451,0.42858338,0.48512945,0.27171484,0.51280147,0.9695274,0.7898239,0.7875556,0.782719,0.7849148,0.37730294,0.6605491,0.40091282,0.7908467,0.7065598,0.26277545,0.9928713,0.26538014,0.61375093,0.8074872,0.39540437,0.23858708,0.30842447,0.44644642,0.44759127,0.42812786,0.5889027,0.23858708,0.25411037,0.48029804,0.40442228,0.23858708,0.46679127,0.9850372,0.47533154,0.45167258,0.43584958,0.40355796,0.30683035,0.7147696,0.47157297,0.4008494,0.23858708,0.9984674,0.998288,0.5412848,0.9861924,0.27103513,0.43107054,0.2988418,0.78386676,0.4288085,0.51761484,0.7900462,0.60997725,0.7204851,0.41038722,0.6998924,0.38842097,0.295302,0.6081759,1.0,0.6519016,0.6475874,0.23714593,0.65164787
RCIP0111,0.33579952,0.5944909,0.39528793,0.86924,0.38051683,0.46704334,0.374601,0.44548994,0.5357488,0.40412402,0.45315704,0.28564018,0.56018484,0.66298425,0.70510876,0.7051694,0.7113269,0.7051729,0.34061557,0.9935198,0.4040076,0.6905954,0.73798615,0.28587884,0.64841175,0.29139793,0.54634666,0.7098576,0.33830982,0.37605733,0.28722516,0.3784498,0.3755964,0.39835382,0.5582217,0.37605733,0.29465666,0.46856567,0.4067415,0.37605733,0.58271,0.63239866,0.46268737,0.38171956,0.3966118,0.4000458,0.34470144,0.8673765,0.46271408,0.40035492,0.37605733,0.65592015,0.6541697,0.61890304,0.62558717,0.29890227,0.39126766,0.28203395,0.68445474,0.36906618,0.5588517,0.6876299,0.52367973,0.7415723,0.34235162,0.73158324,0.34155443,0.29107735,0.5288035,0.6519016,1.0,0.99753654,0.37635764,0.43805557
RCIP0112,0.3363521,0.6076782,0.39673164,0.8737199,0.37178972,0.47798485,0.3795399,0.44503686,0.5383729,0.41077214,0.46364146,0.28046185,0.56413007,0.6641629,0.7052235,0.705352,0.7120176,0.7026404,0.34279042,0.99389833,0.4062907,0.6903412,0.736239,0.28082183,0.6443176,0.2855512,0.55764365,0.7082969,0.33880055,0.3678394,0.28118163,0.38407394,0.38067234,0.40402907,0.5662754,0.3678394,0.2898914,0.48058277,0.4079824,0.3678394,0.5954374,0.62757903,0.47440436,0.38692418,0.40254164,0.40205377,0.34000057,0.8709197,0.4745309,0.40257543,0.3678394,0.65214217,0.6502692,0.62438357,0.61981815,0.29413053,0.39716637,0.2756061,0.6842567,0.37102973,0.5628828,0.6833749,0.5335118,0.73864436,0.34237847,0.72740436,0.34187776,0.28472322,0.539277,0.6475874,0.99753654,1.0,0.3683334,0.43815798
RCIP0113,0.33347088,0.3876211,0.2585468,0.29667398,0.99763656,0.38572484,0.27404082,0.51957405,0.52115214,0.2598739,0.37913635,0.85198945,0.5336258,0.20087701,0.24624604,0.24621847,0.2464242,0.297848,0.3242984,0.38017148,0.30758688,0.24997735,0.31615275,0.85201454,0.24720997,0.86196184,0.33353543,0.26739523,0.33248502,0.9977732,0.82848,0.27641624,0.27241126,0.26325172,0.43214437,0.9977732,0.87145984,0.36616284,0.29970473,0.9977732,0.3954473,0.2568013,0.36856687,0.26404804,0.25827467,0.3042181,0.91467667,0.2961251,0.3715881,0.3054573,0.9977732,0.23605168,0.23422062,0.3763218,0.262514,0.86663175,0.26363313,0.8466724,0.25961286,0.3139291,0.532925,0.28580537,0.3401662,0.3091043,0.33020762,0.3148655,0.3327958,0.83673596,0.33263138,0.23714593,0.37635764,0.3683334,1.0,0.37920406
RCIP0114,0.5230242,0.3525509,0.5326668,0.45192453,0.3815772,0.47236666,0.5487252,0.57350576,0.40169334,0.49658602,0.50299,0.48096487,0.47432786,0.66807777,0.5363708,0.531898,0.5283232,0.5244188,0.5066346,0.4413324,0.4752564,0.54829913,0.59364843,0.46626648,0.65295523,0.47522458,0.5147093,0.54069114,0.5225824,0.37506393,0.5393679,0.54890573,0.5446833,0.5107359,0.5473236,0.37506393,0.45529032,0.47541413,0.47871676,0.37506393,0.34985936,0.66099864,0.4735696,0.549771,0.51626396,0.4761977,0.50196725,0.44864085,0.4691549,0.47340554,0.37506393,0.65048814,0.6540333,0.53126544,0.6618458,0.47654665,0.5216193,0.53228277,0.548645,0.53812265,0.483165,0.54891384,0.53917676,0.60388106,0.5256424,0.5825368,0.52221227,0.51977503,0.53302234,0.65164787,0.43805557,0.43815798,0.37920406,1.0
