base_id,RCIP0001,RCIP0003,RCIP0004,RCIP0014,RCIP0015,RCIP0016,RCIP0017,RCIP0023,RCIP0024,RCIP0025,RCIP0028,RCIP0030,RCIP0034,RCIP0035,RCIP0036,RCIP0037,RCIP0038,RCIP0039,RCIP0040,RCIP0041,RCIP0042,RCIP0043,RCIP0044,RCIP0045,RCIP0046,RCIP0047,RCIP0048,RCIP0049,RCIP0050,RCIP0054,RCIP0055,RCIP0056,RCIP0058,RCIP0059,RCIP0060,RCIP0061,RCIP0063,RCIP0064,RCIP0067,RCIP0068,RCIP0069,RCIP0072,RCIP0074,RCIP0077,RCIP0078,RCIP0079,RCIP0081,RCIP0082,RCIP0083,RCIP0085,RCIP0086,RCIP0087,RCIP0088,RCIP0089,RCIP0090,RCIP0091,RCIP0092,RCIP0093,RCIP0094,RCIP0097,RCIP0098,RCIP0099,RCIP0101,RCIP0104,RCIP0105,RCIP0106,RCIP0107,RCIP0108,RCIP0109,RCIP0110,RCIP0111,RCIP0112,RCIP0113,RCIP0114
RCIP0001,1.0,0.45377088,0.9502271,0.15772933,0.15097135,0.7565268,0.946055,0.5374187,0.33158514,0.92775357,0.75538105,0.16648725,0.3679542,0.20768988,0.21505672,0.21084058,0.19961262,0.27727878,0.97468287,0.17155033,0.9243568,0.19398999,0.2407231,0.15846896,0.1775667,0.1625045,0.41651568,0.23414135,0.9436104,0.1534661,0.17743063,0.9199958,0.9136977,0.93363506,0.48345622,0.15346608,0.16773385,0.7454108,0.9262428,0.1534661,0.5030856,0.16689521,0.74664783,0.91417843,0.9315858,0.9231521,0.1802656,0.1571247,0.74456334,0.92617106,0.1534661,0.20403695,0.20950639,0.22996137,0.21018225,0.16501445,0.92490464,0.1732586,0.23820731,0.91519505,0.4089175,0.26564997,0.47863102,0.26131135,0.9758139,0.28306508,0.98075485,0.15693817,0.45126632,0.20618421,0.16727251,0.18292826,0.15249872,0.81042755
RCIP0003,0.45377088,1.0,0.5028264,0.54539555,0.41013438,0.72453296,0.4120951,0.55034953,0.7582437,0.47856405,0.73983717,0.32884508,0.42671204,0.5708294,0.53170794,0.53140485,0.5077397,0.61451644,0.44293794,0.59881604,0.49920148,0.5788344,0.599686,0.34415683,0.5525666,0.32503518,0.86426276,0.5475012,0.4258248,0.3997497,0.31143135,0.40347195,0.39667016,0.47414148,0.6944407,0.39974967,0.32292014,0.7228363,0.48218653,0.39974964,0.94338006,0.5202803,0.72385955,0.38788086,0.45865038,0.5030445,0.401776,0.5489675,0.730019,0.4984501,0.39974976,0.55476147,0.5639031,0.6623967,0.5694745,0.32448542,0.48526555,0.310721,0.5354289,0.45324904,0.45437777,0.5907124,0.85671365,0.635678,0.43359053,0.60907257,0.4419498,0.33178544,0.8488033,0.55678093,0.5920272,0.60968053,0.42973927,0.42269033
RCIP0004,0.9502271,0.5028264,1.0,0.20103222,0.17824149,0.7214814,0.9163154,0.45790774,0.35957426,0.9300034,0.72305197,0.1364246,0.32220855,0.20857084,0.2394971,0.24969614,0.22856167,0.32527834,0.9117944,0.23465928,0.9686198,0.23806417,0.31315267,0.13497949,0.1765461,0.13611248,0.43346432,0.27250236,0.89621246,0.17963761,0.1471281,0.900621,0.8912384,0.93271166,0.48174733,0.17963767,0.14347905,0.71431345,0.96042377,0.17963758,0.5271416,0.15742126,0.71383584,0.8917509,0.92828107,0.9678338,0.18361357,0.20075577,0.7151926,0.9680904,0.17963773,0.2018286,0.2114824,0.2758298,0.21550193,0.13821751,0.9180309,0.14290059,0.26837987,0.9372238,0.3614835,0.30765882,0.47584608,0.34180337,0.91652566,0.36966497,0.925151,0.1281817,0.4385351,0.20652217,0.2309781,0.2552436,0.18437967,0.76418495
RCIP0014,0.15772933,0.54539555,0.20103222,1.0,0.6894094,0.22455096,0.13944638,0.44220388,0.7582769,0.18247598,0.2245183,0.61660194,0.64656174,0.87602615,0.86948323,0.8506677,0.8422987,0.8454836,0.1527564,0.8720508,0.18875903,0.87623096,0.7055403,0.6224569,0.8994373,0.6260998,0.4663874,0.86869276,0.14370355,0.68218744,0.6124141,0.13198411,0.12993443,0.17154112,0.63726616,0.68218744,0.61348313,0.26269278,0.19813496,0.6821875,0.49384823,0.9014792,0.24162346,0.11928809,0.16974986,0.1940802,0.6300311,0.99828535,0.2485472,0.19035366,0.6821875,0.8921633,0.88926625,0.8120765,0.8831046,0.6234678,0.18785253,0.6176407,0.84977245,0.16619754,0.6043136,0.8555427,0.4527092,0.6885105,0.15351865,0.67852485,0.14634451,0.6369879,0.43921316,0.89021605,0.87716335,0.87469244,0.6869929,0.25942007
RCIP0015,0.15097135,0.41013438,0.17824149,0.6894094,1.0,0.17742571,0.14192873,0.3931512,0.47361484,0.124445885,0.18497074,0.92861307,0.5948383,0.56916606,0.57793605,0.61361325,0.6438962,0.49623847,0.13689414,0.6522184,0.15908644,0.60910267,0.56515396,0.9338041,0.6230971,0.9333712,0.40058893,0.57268345,0.16335475,0.9952249,0.92951393,0.17582431,0.15846771,0.12309915,0.3359163,0.99522495,0.93230116,0.15998363,0.16139105,0.99522495,0.38363972,0.6423138,0.17027062,0.18709245,0.13544169,0.15673816,0.97024626,0.69040036,0.16741776,0.15598989,0.99522495,0.5843042,0.5815171,0.66042525,0.5949556,0.9339771,0.12073678,0.92852116,0.5897091,0.18142828,0.5482088,0.5237291,0.34447932,0.52987075,0.1692102,0.5114566,0.14327288,0.93394345,0.38844535,0.5923878,0.6441373,0.63272345,0.98915267,0.21491289
RCIP0016,0.7565268,0.72453296,0.7214814,0.22455096,0.17742571,1.0,0.7413722,0.59246296,0.50896156,0.7689166,0.99164087,0.21325707,0.33639356,0.32228133,0.27493593,0.251633,0.2383753,0.35017776,0.7797394,0.3310531,0.74758226,0.27147222,0.38065818,0.21354488,0.28081822,0.20673981,0.74722487,0.2692729,0.75931555,0.17618275,0.20810667,0.72734964,0.73468983,0.7727975,0.6753286,0.17618275,0.20922473,0.9803055,0.7423055,0.17618272,0.781705,0.25628996,0.9907323,0.72098994,0.75759745,0.75393796,0.21323651,0.22470021,0.989028,0.751794,0.17618269,0.29483575,0.29979205,0.31439725,0.29358262,0.20307723,0.77947485,0.20198727,0.26413128,0.68603987,0.37438777,0.3202583,0.7562429,0.43303066,0.7377674,0.4225908,0.77838147,0.20644027,0.7408184,0.28719956,0.3163128,0.33318675,0.17875925,0.7133267
RCIP0017,0.946055,0.4120951,0.9163154,0.13944638,0.14192873,0.7413722,1.0,0.5784426,0.30077538,0.92460096,0.7350076,0.19527179,0.36970964,0.21382368,0.22431311,0.21368283,0.20357051,0.27172875,0.94878095,0.18199342,0.9193429,0.19352812,0.26813504,0.1850746,0.1658768,0.1902447,0.43727103,0.23114058,0.93428755,0.14414883,0.20657122,0.9549881,0.9731436,0.9279808,0.44266972,0.14414889,0.19764891,0.7366949,0.923469,0.14414883,0.45563534,0.16154957,0.73604155,0.9517043,0.92784745,0.9188986,0.18437651,0.13826263,0.73323166,0.9229744,0.14414883,0.19741169,0.19831342,0.18201604,0.19138348,0.19377533,0.91789854,0.2029236,0.22498065,0.9160505,0.40530136,0.25116733,0.50101084,0.28915793,0.9382684,0.3131712,0.94681615,0.18426031,0.47083437,0.19282126,0.17768747,0.19112915,0.13803709,0.8148881
RCIP0023,0.5374187,0.55034953,0.45790774,0.44220388,0.3931512,0.59246296,0.5784426,1.0,0.5641508,0.5331195,0.58966964,0.43244377,0.66946274,0.553585,0.4900771,0.4629616,0.46100682,0.47636038,0.5621618,0.43379483,0.47695172,0.4477221,0.3914363,0.42090464,0.49116364,0.43670037,0.54381394,0.4547602,0.6033482,0.38594037,0.44985813,0.54471034,0.55662346,0.5294887,0.5169414,0.38594037,0.43506455,0.6112445,0.49820098,0.38594037,0.57180357,0.5158951,0.6075519,0.51282495,0.5325552,0.4872114,0.40531793,0.44570485,0.60559195,0.48781183,0.38594037,0.5195686,0.5119948,0.4135604,0.50997555,0.43704432,0.5374249,0.4469559,0.45944345,0.46272293,0.6811905,0.4781676,0.6403111,0.38890302,0.58531994,0.38149717,0.5393047,0.4439468,0.64388454,0.50694764,0.43662643,0.43442115,0.3697093,0.59517103
RCIP0024,0.33158514,0.7582437,0.35957426,0.7582769,0.47361484,0.50896156,0.30077538,0.5641508,1.0,0.34764248,0.51756525,0.43084595,0.57512814,0.7990567,0.7287706,0.723447,0.69695264,0.7561357,0.29889026,0.6791142,0.3303376,0.73677754,0.5987348,0.4369428,0.77470994,0.43547574,0.684828,0.7400776,0.29090905,0.4660989,0.42706868,0.26334053,0.26039803,0.3359666,0.8406617,0.46609885,0.4285761,0.5317621,0.3246772,0.46609887,0.74428976,0.7671768,0.5196864,0.24573249,0.31873286,0.33735418,0.42497027,0.7658013,0.52854645,0.33192372,0.46609896,0.7941154,0.79827,0.7260061,0.8006447,0.43488434,0.3505636,0.42760766,0.7302928,0.3357125,0.5731311,0.7587875,0.6874487,0.60752904,0.3160199,0.60168123,0.29222518,0.44091564,0.67397505,0.79344714,0.68601257,0.69193774,0.48116717,0.37082666
RCIP0025,0.92775357,0.47856405,0.9300034,0.18247598,0.124445885,0.7689166,0.92460096,0.5331195,0.34764248,1.0,0.76471233,0.12316689,0.37687927,0.23268658,0.23692274,0.22171542,0.19665176,0.33087748,0.939934,0.2217736,0.95817494,0.21792692,0.285424,0.118223965,0.17815992,0.11809623,0.44497675,0.25960398,0.9212115,0.12348533,0.12787649,0.9148456,0.9269266,0.9948466,0.51248986,0.12348536,0.12529355,0.77888393,0.9479831,0.12348521,0.50077,0.16938785,0.7748798,0.8944646,0.99125475,0.96178395,0.14002931,0.17923382,0.77570885,0.9623976,0.12348521,0.20746168,0.21066359,0.21357566,0.20062172,0.119831115,0.99072635,0.12534079,0.24379471,0.90200114,0.40639085,0.30188268,0.5063261,0.31730074,0.9246209,0.35333633,0.9424918,0.11192629,0.4509941,0.20122522,0.21213323,0.23602897,0.1232124,0.8373705
RCIP0028,0.75538105,0.73983717,0.72305197,0.2245183,0.18497074,0.99164087,0.7350076,0.58966964,0.51756525,0.76471233,1.0,0.21652234,0.33932984,0.321459,0.2611277,0.2423504,0.22945175,0.33982056,0.77670264,0.3363473,0.7473967,0.26697248,0.38160086,0.21770808,0.28445596,0.20923698,0.7595935,0.258475,0.753621,0.18422449,0.21013635,0.7219612,0.7282082,0.7704931,0.6741583,0.18422449,0.21164265,0.9696725,0.7363111,0.18422443,0.8004577,0.2614298,0.9823836,0.71657765,0.7545961,0.7530116,0.22430378,0.22521555,0.980322,0.7514311,0.18422449,0.29425183,0.30068523,0.32519042,0.2995041,0.20654535,0.7768667,0.20526135,0.25486037,0.6822007,0.3750217,0.30957633,0.76798093,0.43307948,0.7378998,0.41962346,0.7758903,0.20914432,0.7548616,0.2875201,0.31985462,0.33597893,0.18848431,0.6931382
RCIP0030,0.16648725,0.32884508,0.1364246,0.61660194,0.92861307,0.21325707,0.19527179,0.43244377,0.43084595,0.12316689,0.21652234,1.0,0.57273525,0.54804385,0.55313444,0.57911146,0.62611496,0.42911077,0.17542568,0.5943518,0.12972337,0.5623692,0.5428762,0.997065,0.6056132,0.9962873,0.43926746,0.5235448,0.20984098,0.93304217,0.9932641,0.23035523,0.22105011,0.12556404,0.30837917,0.93304217,0.9951129,0.18550038,0.13995677,0.9330423,0.33949175,0.63358545,0.20135027,0.2588254,0.14203706,0.12282729,0.9509794,0.61869615,0.1935719,0.124873936,0.93304217,0.57027376,0.5618801,0.5850785,0.5727933,0.9963726,0.12422329,0.99281585,0.55101335,0.20049235,0.53520536,0.46215078,0.3773478,0.49783087,0.1923024,0.468777,0.17793894,0.9949557,0.43990317,0.5745371,0.5927075,0.5653273,0.9241021,0.24345636
RCIP0034,0.3679542,0.42671204,0.32220855,0.64656174,0.5948383,0.33639356,0.36970964,0.66946274,0.57512814,0.37687927,0.33932984,0.57273525,1.0,0.6964801,0.6141684,0.58539623,0.56898344,0.62387407,0.375692,0.5665752,0.3397961,0.60536313,0.45075184,0.56807745,0.67146003,0.57534754,0.35489827,0.60014945,0.38355833,0.5904511,0.57530355,0.33450812,0.36447138,0.37214354,0.5658152,0.5904511,0.5765687,0.37905383,0.32928106,0.5904511,0.3976588,0.7093905,0.3658855,0.3146848,0.37029976,0.35613272,0.5664396,0.6478829,0.3677086,0.35814658,0.5904511,0.66931796,0.6631614,0.55721295,0.65711564,0.576286,0.3902557,0.5816801,0.5909401,0.29882398,0.9735643,0.6130224,0.42992848,0.440803,0.39060152,0.45299336,0.35552102,0.58605266,0.4149049,0.6566162,0.57022274,0.5591441,0.5958319,0.46106768
RCIP0035,0.20768988,0.5708294,0.20857084,0.87602615,0.56916606,0.32228133,0.21382368,0.553585,0.7990567,0.23268658,0.321459,0.54804385,0.6964801,1.0,0.85397565,0.8176701,0.7970729,0.8672157,0.20442307,0.7795153,0.19962084,0.8372812,0.6580782,0.55231446,0.9619946,0.55388343,0.5512097,0.8289899,0.19319737,0.55836755,0.53974324,0.15964356,0.18023485,0.22137395,0.73802805,0.5583675,0.5437844,0.37767315,0.19588655,0.5583675,0.5188205,0.95943034,0.35444874,0.14286411,0.20684075,0.21341518,0.5091505,0.8739744,0.3622467,0.21119145,0.55836755,0.9719763,0.97340035,0.7649795,0.96281826,0.54820895,0.24815467,0.5443966,0.8075275,0.17484677,0.67199796,0.8573141,0.5845814,0.671679,0.19523779,0.665031,0.1907537,0.567243,0.55334353,0.96277344,0.7904779,0.7810751,0.56489533,0.33228144
RCIP0036,0.21505672,0.53170794,0.2394971,0.86948323,0.57793605,0.27493593,0.22431311,0.4900771,0.7287706,0.23692274,0.2611277,0.55313444,0.6141684,0.85397565,1.0,0.98101866,0.9708593,0.93108743,0.19253826,0.7200618,0.21347424,0.9675083,0.79458225,0.55469185,0.86914086,0.5591345,0.4917298,0.97758245,0.18839082,0.5700371,0.55230284,0.19371277,0.20813,0.23131931,0.5777912,0.5700371,0.5488912,0.304596,0.21669477,0.5700371,0.48471078,0.8584088,0.2859268,0.21308213,0.23079652,0.2156001,0.53307885,0.8714056,0.29397774,0.21415454,0.5700371,0.8793981,0.87374496,0.84194577,0.8658619,0.5574533,0.23235965,0.55791247,0.9715524,0.26797274,0.5987538,0.9618713,0.45424262,0.7727311,0.20564729,0.7701266,0.18860143,0.5647069,0.4550892,0.884513,0.7461052,0.73532134,0.582979,0.28594038
RCIP0037,0.21084058,0.53140485,0.24969614,0.8506677,0.61361325,0.251633,0.21368283,0.4629616,0.723447,0.22171542,0.2423504,0.57911146,0.58539623,0.8176701,0.98101866,1.0,0.99269444,0.8974382,0.17409018,0.6954025,0.21232504,0.9541088,0.81051004,0.5802151,0.85101974,0.58689964,0.4877656,0.9712179,0.18406564,0.6091852,0.5840246,0.20171523,0.2006833,0.22109008,0.5328993,0.6091852,0.57564235,0.26588696,0.21210247,0.6091853,0.49760276,0.83690345,0.25162157,0.22836322,0.22527021,0.20588109,0.57131195,0.8533279,0.25831014,0.20472598,0.6091853,0.8589998,0.852538,0.87254107,0.8528503,0.5863241,0.21075267,0.59059674,0.9820542,0.2911307,0.56939644,0.9438552,0.42513075,0.7713122,0.20205876,0.77209115,0.17501879,0.58967113,0.44841504,0.87004536,0.7273934,0.7133583,0.62438536,0.2414298
RCIP0038,0.19961262,0.5077397,0.22856167,0.8422987,0.6438962,0.2383753,0.20357051,0.46100682,0.69695264,0.19665176,0.22945175,0.62611496,0.56898344,0.7970729,0.9708593,0.99269444,1.0,0.86088306,0.16274017,0.6883673,0.1877191,0.94150805,0.80697775,0.6258725,0.8419855,0.63376534,0.48428914,0.9536723,0.17937234,0.6406808,0.63216674,0.19871053,0.19484329,0.19732076,0.4941569,0.6406808,0.62154114,0.2424694,0.19040716,0.64068085,0.4865615,0.8297408,0.23275802,0.23305935,0.20578843,0.17941087,0.6117281,0.8457718,0.23754632,0.17888659,0.6406808,0.845848,0.83824456,0.86659265,0.8395021,0.6335766,0.18425262,0.63888013,0.9738323,0.27933362,0.55141383,0.9175422,0.41025802,0.76197505,0.1932916,0.7561598,0.16582808,0.63610065,0.44629723,0.8595304,0.72061783,0.70257986,0.653315,0.22052488
RCIP0039,0.27727878,0.61451644,0.32527834,0.8454836,0.49623847,0.35017776,0.27172875,0.47636038,0.7561357,0.33087748,0.33982056,0.42911077,0.62387407,0.8672157,0.93108743,0.8974382,0.86088306,1.0,0.26053458,0.74038243,0.31025374,0.93143773,0.7713657,0.43705574,0.85296845,0.43261218,0.52789754,0.93172383,0.22710234,0.48756683,0.41614002,0.2213104,0.24602401,0.31942654,0.68174857,0.48756677,0.42325056,0.40332332,0.3007718,0.48756677,0.5252439,0.8418363,0.3786782,0.21905467,0.30595928,0.32215315,0.4354508,0.8430027,0.39178148,0.31805673,0.48756686,0.87011373,0.87062305,0.80821973,0.8555661,0.42743176,0.33119285,0.42237553,0.9033063,0.30997986,0.6088621,0.96879107,0.5304125,0.78097993,0.2511674,0.7920515,0.2552803,0.43995002,0.48691976,0.8660934,0.7556585,0.7614492,0.50570786,0.3562883
RCIP0040,0.97468287,0.44293794,0.9117944,0.1527564,0.13689414,0.7797394,0.94878095,0.5621618,0.29889026,0.939934,0.77670264,0.17542568,0.375692,0.20442307,0.19253826,0.17409018,0.16274017,0.26053458,1.0,0.18779927,0.93195766,0.16796684,0.22674042,0.16607988,0.16079867,0.16930056,0.43813068,0.20481211,0.96322733,0.14001673,0.18212503,0.94172436,0.9423114,0.94379085,0.48181126,0.1400167,0.17416549,0.7759898,0.9394363,0.14001662,0.48732737,0.15719944,0.77411115,0.9248086,0.94399786,0.93001866,0.17855501,0.15046278,0.7713256,0.93302375,0.1400167,0.18528041,0.18779236,0.17375255,0.18317512,0.17169249,0.9414027,0.17827237,0.1980694,0.8970322,0.410703,0.23420829,0.50589097,0.2538231,0.9741759,0.27431247,0.9951383,0.16606423,0.47079805,0.1796704,0.17741817,0.19405866,0.13585034,0.8278753
RCIP0041,0.17155033,0.59881604,0.23465928,0.8720508,0.6522184,0.3310531,0.18199342,0.43379483,0.6791142,0.2217736,0.3363473,0.5943518,0.5665752,0.7795153,0.7200618,0.6954025,0.6883673,0.74038243,0.18779927,1.0,0.2505516,0.7686049,0.82785946,0.60607195,0.7934634,0.60271937,0.5796258,0.7299661,0.17354655,0.6517801,0.5801154,0.18945569,0.19074792,0.21703923,0.61854047,0.6517801,0.5953318,0.35600972,0.25283217,0.65178007,0.5303204,0.79478794,0.35189626,0.16450736,0.20545435,0.2593855,0.61116505,0.867419,0.35764825,0.25496227,0.6517801,0.7669141,0.7701142,0.71200955,0.7591849,0.5973143,0.22962102,0.58439136,0.6941961,0.20626202,0.5322438,0.7118192,0.56009626,0.83421165,0.15949616,0.8225956,0.18039745,0.6085638,0.5481316,0.76074547,0.99087834,0.992246,0.6447349,0.31419393
RCIP0042,0.9243568,0.49920148,0.9686198,0.18875903,0.15908644,0.74758226,0.9193429,0.47695172,0.3303376,0.95817494,0.7473967,0.12972337,0.3397961,0.19962084,0.21347424,0.21232504,0.1877191,0.31025374,0.93195766,0.2505516,1.0,0.21095288,0.31007528,0.12713975,0.15416169,0.12645334,0.44650495,0.24733278,0.9118525,0.16284198,0.13643065,0.9235289,0.9312241,0.9587608,0.4792577,0.16284186,0.13543013,0.7454504,0.98253095,0.16284183,0.51046145,0.1396693,0.74227715,0.9088938,0.9566826,0.9932183,0.16986507,0.18687576,0.7438499,0.99282724,0.16284189,0.17771548,0.18531281,0.22091982,0.18388891,0.13000208,0.9472101,0.13259304,0.23060483,0.93448627,0.37313402,0.2783192,0.48927733,0.34274617,0.9155099,0.37605566,0.9367218,0.119078696,0.44273192,0.17639667,0.2424897,0.2685858,0.165093,0.799268
RCIP0043,0.19398999,0.5788344,0.23806417,0.87623096,0.60910267,0.27147222,0.19352812,0.4477221,0.73677754,0.21792692,0.26697248,0.5623692,0.60536313,0.8372812,0.9675083,0.9541088,0.94150805,0.93143773,0.16796684,0.7686049,0.21095288,1.0,0.8280222,0.56867427,0.8637894,0.5665864,0.51755667,0.9686363,0.15200645,0.602601,0.5546833,0.17172664,0.18196374,0.21416605,0.5782771,0.60260093,0.55881774,0.29583615,0.2077134,0.60260093,0.515747,0.85707605,0.28196415,0.18949616,0.21033832,0.21425039,0.5620809,0.8780036,0.29198712,0.2123805,0.60260093,0.8589921,0.8563179,0.8643744,0.8564147,0.566002,0.21370226,0.56148046,0.95603395,0.26009065,0.5865718,0.94745696,0.47330686,0.8138757,0.17980748,0.80674374,0.16565031,0.5716064,0.4741859,0.8645055,0.78774,0.7833752,0.6179875,0.25525033
RCIP0044,0.2407231,0.599686,0.31315267,0.7055403,0.56515396,0.38065818,0.26813504,0.3914363,0.5987348,0.285424,0.38160086,0.5428762,0.45075184,0.6580782,0.79458225,0.81051004,0.80697775,0.7713657,0.22674042,0.82785946,0.31007528,0.8280222,1.0,0.5524849,0.70624477,0.5476162,0.6227397,0.80938816,0.22288391,0.5713804,0.5333826,0.2821904,0.28689057,0.29412645,0.47866836,0.5713804,0.54381645,0.37235588,0.295357,0.57138044,0.54045,0.68834585,0.3768537,0.30598295,0.28885677,0.30088586,0.54765433,0.7047081,0.3821108,0.29954463,0.5713803,0.6878153,0.6877415,0.7790918,0.6915792,0.5459347,0.2744872,0.5419109,0.7982815,0.369159,0.45156726,0.78009516,0.5293006,0.9705069,0.22092521,0.96665585,0.23125008,0.54254156,0.5571022,0.6968981,0.8480935,0.84331614,0.5776424,0.29707712
RCIP0045,0.15846896,0.34415683,0.13497949,0.6224569,0.9338041,0.21354488,0.1850746,0.42090464,0.4369428,0.118223965,0.21770808,0.997065,0.56807745,0.55231446,0.55469185,0.5802151,0.6258725,0.43705574,0.16607988,0.60607195,0.12713975,0.56867427,0.5524849,1.0,0.6100538,0.995121,0.44822666,0.5256072,0.19977391,0.93798685,0.990168,0.22051919,0.20998353,0.1204122,0.3181817,0.93798685,0.9938911,0.1874544,0.13799399,0.9379869,0.3483351,0.6362833,0.20341626,0.2478047,0.13553292,0.12115446,0.95277184,0.6244217,0.19598192,0.122715175,0.9379868,0.5731323,0.56614053,0.5916585,0.5771151,0.9940461,0.12023884,0.9895778,0.55203164,0.19525445,0.53296375,0.46794266,0.38571563,0.51122355,0.18211052,0.4816597,0.16927472,0.99401253,0.44607723,0.57764316,0.6036192,0.57722855,0.92927754,0.23936257
RCIP0046,0.1775667,0.5525666,0.1765461,0.8994373,0.6230971,0.28081822,0.1658768,0.49116364,0.77470994,0.17815992,0.28445596,0.6056132,0.67146003,0.9619946,0.86914086,0.85101974,0.8419855,0.85296845,0.16079867,0.7934634,0.15416169,0.8637894,0.70624477,0.6100538,1.0,0.61153036,0.5376107,0.8552561,0.14866716,0.6170828,0.59881926,0.13101041,0.14020014,0.17342138,0.66905355,0.6170827,0.60122406,0.31684524,0.1515739,0.6170828,0.5170929,0.9798162,0.2996975,0.13879189,0.16304898,0.16089553,0.5719965,0.8982911,0.30651212,0.16066697,0.6170828,0.98603165,0.9852023,0.83020127,0.9762441,0.6075949,0.18954474,0.60776514,0.84954333,0.15852165,0.64207816,0.8668874,0.53049564,0.6962086,0.16055027,0.6832464,0.15527272,0.6235636,0.52549225,0.98548836,0.80989474,0.79208994,0.62547636,0.26737607
RCIP0047,0.1625045,0.32503518,0.13611248,0.6260998,0.9333712,0.20673981,0.1902447,0.43670037,0.43547574,0.11809623,0.20923698,0.9962873,0.57534754,0.55388343,0.5591345,0.58689964,0.63376534,0.43261218,0.16930056,0.60271937,0.12645334,0.5665864,0.5476162,0.995121,0.61153036,1.0,0.4307842,0.52865064,0.20554605,0.93793887,0.99670136,0.22714207,0.2138238,0.12048662,0.31211832,0.93793887,0.9970931,0.1804614,0.14022395,0.9379389,0.33449385,0.63833964,0.1954445,0.2529125,0.13678384,0.12023455,0.9476374,0.6277671,0.18792188,0.12193641,0.9379388,0.5755403,0.56775904,0.58728707,0.577969,0.99804866,0.11845392,0.9962174,0.55852556,0.19657648,0.5358844,0.46851408,0.36957306,0.5003289,0.18669632,0.4741706,0.1721321,0.9978379,0.43201756,0.58007956,0.6023238,0.5747778,0.92264694,0.23949233
RCIP0048,0.41651568,0.86426276,0.43346432,0.4663874,0.40058893,0.74722487,0.43727103,0.54381394,0.684828,0.44497675,0.7595935,0.43926746,0.35489827,0.5512097,0.4917298,0.4877656,0.48428914,0.52789754,0.43813068,0.5796258,0.44650495,0.51755667,0.6227397,0.44822666,0.5376107,0.4307842,1.0,0.47989905,0.423217,0.3945549,0.4157619,0.43283507,0.44026867,0.44343162,0.6529464,0.3945549,0.4271716,0.73253816,0.43790027,0.39455494,0.86346376,0.51890534,0.7451247,0.4353841,0.42909956,0.44757,0.43903828,0.47122824,0.7444887,0.44392177,0.39455497,0.53846055,0.5434148,0.58472294,0.5491321,0.4272716,0.45681718,0.41416183,0.47059187,0.4388879,0.37568665,0.5002283,0.94489264,0.6587062,0.39703554,0.61624235,0.43276438,0.43377358,0.9574376,0.53403556,0.5699086,0.574547,0.4159317,0.41244406
RCIP0049,0.23414135,0.5475012,0.27250236,0.86869276,0.57268345,0.2692729,0.23114058,0.4547602,0.7400776,0.25960398,0.258475,0.5235448,0.60014945,0.8289899,0.97758245,0.9712179,0.9536723,0.93172383,0.20481211,0.7299661,0.24733278,0.9686363,0.80938816,0.5256072,0.8552561,0.52865064,0.47989905,1.0,0.19359443,0.5655218,0.5213547,0.20696354,0.22138149,0.25435013,0.57515746,0.5655217,0.5207882,0.29720688,0.24488813,0.56552184,0.49480593,0.84605736,0.27649546,0.22542349,0.25427175,0.24525934,0.52225214,0.871144,0.2862198,0.24363875,0.56552184,0.8617424,0.85678494,0.85512704,0.8567529,0.529372,0.2507692,0.5279931,0.98398036,0.30782327,0.58531934,0.9602458,0.43566483,0.7830411,0.22529733,0.78974956,0.19948769,0.5315834,0.43530676,0.86896086,0.75621957,0.7502695,0.5807707,0.2900218
RCIP0050,0.9436104,0.4258248,0.89621246,0.14370355,0.16335475,0.75931555,0.93428755,0.6033482,0.29090905,0.9212115,0.753621,0.20984098,0.38355833,0.19319737,0.18839082,0.18406564,0.17937234,0.22710234,0.96322733,0.17354655,0.9118525,0.15200645,0.22288391,0.19977391,0.14866716,0.20554605,0.423217,0.19359443,1.0,0.17059994,0.22218314,0.95444614,0.9333181,0.926798,0.45302835,0.17059997,0.20886761,0.7537696,0.92159426,0.17059991,0.48396844,0.15244263,0.7522988,0.922656,0.93270403,0.9076109,0.20665804,0.14269477,0.74796855,0.91009694,0.17059994,0.17763257,0.17904651,0.15742439,0.17624024,0.2071898,0.9184501,0.2191925,0.19738507,0.8869824,0.42682996,0.21626431,0.48973063,0.23371851,0.96185434,0.2566668,0.9632553,0.20136234,0.4770528,0.17429358,0.17123172,0.18102783,0.1638405,0.81336313
RCIP0054,0.1534661,0.3997497,0.17963761,0.68218744,0.9952249,0.17618275,0.14414883,0.38594037,0.4660989,0.12348533,0.18422449,0.93304217,0.5904511,0.55836755,0.5700371,0.6091852,0.6406808,0.48756683,0.14001673,0.6517801,0.16284198,0.602601,0.5713804,0.93798685,0.6170828,0.93793887,0.3945549,0.5655218,0.17059994,1.0,0.93499595,0.1847201,0.16399145,0.12352389,0.33127475,0.99999994,0.93655276,0.15366995,0.16377419,0.99999994,0.3735393,0.63476294,0.16528976,0.19639647,0.13606894,0.15715837,0.9696671,0.6830072,0.16246998,0.15628916,0.9999999,0.57696724,0.57370996,0.65228087,0.5875186,0.93890834,0.11861026,0.9352394,0.58476084,0.19106144,0.5456888,0.51436466,0.33665782,0.5319224,0.17371464,0.5164872,0.14704925,0.9378679,0.38424623,0.5851773,0.646932,0.6329639,0.9902093,0.21465874
RCIP0055,0.17743063,0.31143135,0.1471281,0.6124141,0.92951393,0.20810667,0.20657122,0.44985813,0.42706868,0.12787649,0.21013635,0.9932641,0.57530355,0.53974324,0.55230284,0.5840246,0.63216674,0.41614002,0.18212503,0.5801154,0.13643065,0.5546833,0.5333826,0.990168,0.59881926,0.99670136,0.4157619,0.5213547,0.22218314,0.93499595,1.0,0.24493277,0.23049971,0.13158745,0.29806173,0.934996,0.9950849,0.1767903,0.15037504,0.93499607,0.32940483,0.6256662,0.19340825,0.2724162,0.1494134,0.1284948,0.94485545,0.6151511,0.18552762,0.1305373,0.93499595,0.5642628,0.55585927,0.5772948,0.56647134,0.9966954,0.12575114,0.9981356,0.55330247,0.21191174,0.5357992,0.4571156,0.35530454,0.48032486,0.20509875,0.45639846,0.18525112,0.99523854,0.42222407,0.5700156,0.5803846,0.55275685,0.91806334,0.24537945
RCIP0056,0.9199958,0.40347195,0.900621,0.13198411,0.17582431,0.72734964,0.9549881,0.54471034,0.26334053,0.9148456,0.7219612,0.23035523,0.33450812,0.15964356,0.19371277,0.20171523,0.19871053,0.2213104,0.94172436,0.18945569,0.9235289,0.17172664,0.2821904,0.22051919,0.13101041,0.22714207,0.43283507,0.20696354,0.95444614,0.1847201,0.24493277,1.0,0.96829915,0.9243474,0.39771873,0.18472013,0.23485574,0.710423,0.93017775,0.18472019,0.45475417,0.13271993,0.7144553,0.9678087,0.92964673,0.9154543,0.22775063,0.13059574,0.7099829,0.91955817,0.18472004,0.1520142,0.15211213,0.17080188,0.15011221,0.23018694,0.90478295,0.24185002,0.2102333,0.9234523,0.3728862,0.20865512,0.46726266,0.29037055,0.93844813,0.31149033,0.94306076,0.22002774,0.45891923,0.15073925,0.18729013,0.19838181,0.17633933,0.7786489
RCIP0058,0.9136977,0.39667016,0.8912384,0.12993443,0.15846771,0.73468983,0.9731436,0.55662346,0.26039803,0.9269266,0.7282082,0.22105011,0.36447138,0.18023485,0.20813,0.2006833,0.19484329,0.24602401,0.9423114,0.19074792,0.9312241,0.18196374,0.28689057,0.20998353,0.14020014,0.2138238,0.44026867,0.22138149,0.9333181,0.16399145,0.23049971,0.96829915,1.0,0.9316097,0.4005789,0.16399145,0.22370887,0.7215098,0.92997515,0.16399151,0.4369653,0.1378048,0.72413087,0.97446394,0.93747485,0.9236809,0.21065214,0.12829,0.7204554,0.9275255,0.16399142,0.1650765,0.16338563,0.15954125,0.15705514,0.21952814,0.91695124,0.22725776,0.21139082,0.9242835,0.39803782,0.22330987,0.47996718,0.3018273,0.92360693,0.32837552,0.9389093,0.20609951,0.4570244,0.16052747,0.185714,0.2003395,0.15775025,0.80735564
RCIP0059,0.93363506,0.47414148,0.93271166,0.17154112,0.12309915,0.7727975,0.9279808,0.5294887,0.3359666,0.9948466,0.7704931,0.12556404,0.37214354,0.22137395,0.23131931,0.22109008,0.19732076,0.31942654,0.94379085,0.21703923,0.9587608,0.21416605,0.29412645,0.1204122,0.17342138,0.12048662,0.44343162,0.25435013,0.926798,0.12352389,0.13158745,0.9243474,0.9316097,1.0,0.498719,0.12352383,0.12795666,0.7766134,0.9473126,0.12352371,0.50069267,0.1647324,0.7757932,0.90606767,0.9952589,0.961056,0.14297283,0.1683442,0.77618325,0.96230024,0.12352377,0.19971383,0.2029587,0.21144909,0.19568044,0.12218118,0.9891932,0.12936166,0.24199477,0.9078992,0.40398532,0.29394704,0.49975696,0.32292235,0.9281173,0.35830233,0.9471186,0.11317623,0.45208433,0.19518447,0.20894068,0.23061699,0.12303406,0.8344133
RCIP0060,0.48345622,0.6944407,0.48174733,0.63726616,0.3359163,0.6753286,0.44266972,0.5169414,0.8406617,0.51248986,0.6741583,0.30837917,0.5658152,0.73802805,0.5777912,0.5328993,0.4941569,0.68174857,0.48181126,0.61854047,0.4792577,0.5782771,0.47866836,0.3181817,0.66905355,0.31211832,0.6529464,0.57515746,0.45302835,0.33127475,0.29806173,0.39771873,0.4005789,0.498719,1.0,0.33127472,0.30666676,0.71635056,0.47412515,0.3312747,0.68538773,0.664755,0.6987003,0.35525733,0.47080114,0.49900943,0.28679633,0.6366537,0.70685655,0.4922551,0.3312748,0.6887284,0.69955903,0.55077666,0.6852162,0.3052646,0.5327342,0.2954902,0.54667085,0.39822897,0.57620764,0.6414633,0.707073,0.53725636,0.4539259,0.5392895,0.4723105,0.32216313,0.65084517,0.67542577,0.6149015,0.6212418,0.33660704,0.5798525
RCIP0061,0.15346608,0.39974967,0.17963767,0.68218744,0.99522495,0.17618275,0.14414889,0.38594037,0.46609885,0.12348536,0.18422449,0.93304217,0.5904511,0.5583675,0.5700371,0.6091852,0.6406808,0.48756677,0.1400167,0.6517801,0.16284186,0.60260093,0.5713804,0.93798685,0.6170827,0.93793887,0.3945549,0.5655217,0.17059997,0.99999994,0.934996,0.18472013,0.16399145,0.12352383,0.33127472,1.0,0.93655276,0.15367001,0.16377422,1.0,0.37353927,0.63476294,0.16528982,0.1963965,0.136069,0.1571584,0.9696671,0.6830071,0.16247004,0.1562891,0.99999994,0.5769672,0.5737099,0.6522808,0.5875185,0.9389084,0.11861032,0.9352394,0.5847608,0.1910614,0.54568887,0.5143646,0.33665776,0.53192246,0.17371464,0.5164872,0.14704931,0.9378679,0.38424626,0.58517724,0.6469319,0.63296384,0.99020934,0.2146588
RCIP0063,0.16773385,0.32292014,0.14347905,0.61348313,0.93230116,0.20922473,0.19764891,0.43506455,0.4285761,0.12529355,0.21164265,0.9951129,0.5765687,0.5437844,0.5488912,0.57564235,0.62154114,0.42325056,0.17416549,0.5953318,0.13543013,0.55881774,0.54381645,0.9938911,0.60122406,0.9970931,0.4271716,0.5207882,0.20886761,0.93655276,0.9950849,0.23485574,0.22370887,0.12795666,0.30666676,0.93655276,1.0,0.18126929,0.14779153,0.93655276,0.32940838,0.6283367,0.19781709,0.2606343,0.14370775,0.12933025,0.94589996,0.6155468,0.19016051,0.13119707,0.93655276,0.56434363,0.5572649,0.57925844,0.5694647,0.9972196,0.12533891,0.99398494,0.5475055,0.20770967,0.54091966,0.458459,0.36761385,0.49714154,0.19256392,0.4718002,0.17657614,0.99508536,0.42923933,0.56948495,0.5941826,0.56806093,0.9210528,0.25202486
RCIP0064,0.7454108,0.7228363,0.71431345,0.26269278,0.15998363,0.9803055,0.7366949,0.6112445,0.5317621,0.77888393,0.9696725,0.18550038,0.37905383,0.37767315,0.304596,0.26588696,0.2424694,0.40332332,0.7759898,0.35600972,0.7454504,0.29583615,0.37235588,0.1874544,0.31684524,0.1804614,0.73253816,0.29720688,0.7537696,0.15366995,0.1767903,0.710423,0.7215098,0.7766134,0.71635056,0.15367001,0.18126929,1.0,0.7418914,0.15366992,0.7642747,0.29852793,0.99197745,0.68801934,0.75766003,0.7605778,0.1829459,0.26172632,0.99272966,0.7579194,0.15367001,0.33629695,0.3411579,0.31490004,0.32981682,0.17461005,0.79569376,0.17209303,0.2851022,0.6574201,0.41096628,0.36581188,0.7658126,0.43588874,0.725487,0.4282303,0.7716672,0.18283933,0.7297344,0.32240078,0.34010395,0.3604313,0.15810862,0.7381674
RCIP0067,0.9262428,0.48218653,0.96042377,0.19813496,0.16139105,0.7423055,0.923469,0.49820098,0.3246772,0.9479831,0.7363111,0.13995677,0.32928106,0.19588655,0.21669477,0.21210247,0.19040716,0.3007718,0.9394363,0.25283217,0.98253095,0.2077134,0.295357,0.13799399,0.1515739,0.14022395,0.43790027,0.24488813,0.92159426,0.16377419,0.15037504,0.93017775,0.92997515,0.9473126,0.47412515,0.16377422,0.14779153,0.7418914,1.0,0.16377422,0.4965485,0.13600978,0.73748624,0.9136148,0.9471084,0.97924864,0.1746087,0.19587305,0.737756,0.9794104,0.16377419,0.17607385,0.18186578,0.2044326,0.17682034,0.1421172,0.9375603,0.14556018,0.23130971,0.9287575,0.3660264,0.27552593,0.48799306,0.32854244,0.92222786,0.3563704,0.9414556,0.13271832,0.44370195,0.17318112,0.24728817,0.27229473,0.16024196,0.8104639
RCIP0068,0.1534661,0.39974964,0.17963758,0.6821875,0.99522495,0.17618272,0.14414883,0.38594037,0.46609887,0.12348521,0.18422443,0.9330423,0.5904511,0.5583675,0.5700371,0.6091853,0.64068085,0.48756677,0.14001662,0.65178007,0.16284183,0.60260093,0.57138044,0.9379869,0.6170828,0.9379389,0.39455494,0.56552184,0.17059991,0.99999994,0.93499607,0.18472019,0.16399151,0.12352371,0.3312747,1.0,0.93655276,0.15366992,0.16377422,1.0,0.37353927,0.634763,0.1652897,0.1963965,0.13606894,0.15715826,0.9696672,0.6830071,0.16246992,0.15628898,1.0,0.57696724,0.57370996,0.6522809,0.5875186,0.93890846,0.11861017,0.9352395,0.5847609,0.19106138,0.5456888,0.51436466,0.33665773,0.5319224,0.17371467,0.5164872,0.14704919,0.937868,0.38424623,0.5851773,0.64693195,0.63296384,0.99020946,0.21465868
RCIP0069,0.5030856,0.94338006,0.5271416,0.49384823,0.38363972,0.781705,0.45563534,0.57180357,0.74428976,0.50077,0.8004577,0.33949175,0.3976588,0.5188205,0.48471078,0.49760276,0.4865615,0.5252439,0.48732737,0.5303204,0.51046145,0.515747,0.54045,0.3483351,0.5170929,0.33449385,0.86346376,0.49480593,0.48396844,0.3735393,0.32940483,0.45475417,0.4369653,0.50069267,0.68538773,0.37353927,0.32940838,0.7642747,0.4965485,0.37353927,1.0,0.48780492,0.77036124,0.45532817,0.4892274,0.5120653,0.3965494,0.50023097,0.77300364,0.50916505,0.37353933,0.5199716,0.52713245,0.6336818,0.5348915,0.3355537,0.5066421,0.3278162,0.4981715,0.47923365,0.4222315,0.51954705,0.8356483,0.5641371,0.4867101,0.5278747,0.4881033,0.34121227,0.85364175,0.52564204,0.52369124,0.5330258,0.4005226,0.40756005
RCIP0072,0.16689521,0.5202803,0.15742126,0.9014792,0.6423138,0.25628996,0.16154957,0.5158951,0.7671768,0.16938785,0.2614298,0.63358545,0.7093905,0.95943034,0.8584088,0.83690345,0.8297408,0.8418363,0.15719944,0.79478794,0.1396693,0.85707605,0.68834585,0.6362833,0.9798162,0.63833964,0.51890534,0.84605736,0.15244263,0.63476294,0.6256662,0.13271993,0.1378048,0.1647324,0.664755,0.63476294,0.6283367,0.29852793,0.13600978,0.634763,0.48780492,1.0,0.28042948,0.12930024,0.15561926,0.14935756,0.5959279,0.90089273,0.28625572,0.15007874,0.634763,0.9743729,0.97387487,0.80722517,0.9711802,0.6346632,0.18148148,0.63489926,0.8393624,0.14013702,0.6762588,0.84658575,0.51948476,0.6737623,0.15772778,0.661191,0.14872205,0.6510705,0.51729405,0.97090364,0.8078441,0.7882829,0.64093,0.26658297
RCIP0074,0.74664783,0.72385955,0.71383584,0.24162346,0.17027062,0.9907323,0.73604155,0.6075519,0.5196864,0.7748798,0.9823836,0.20135027,0.3658855,0.35444874,0.2859268,0.25162157,0.23275802,0.3786782,0.77411115,0.35189626,0.74227715,0.28196415,0.3768537,0.20341626,0.2996975,0.1954445,0.7451247,0.27649546,0.7522988,0.16528976,0.19340825,0.7144553,0.72413087,0.7757932,0.6987003,0.16528982,0.19781709,0.99197745,0.73748624,0.1652897,0.77036124,0.28042948,1.0,0.69686836,0.75726104,0.7552665,0.20142645,0.24063689,0.99892515,0.7531197,0.16528979,0.31518763,0.32027847,0.3081423,0.30962926,0.18991274,0.7897812,0.18770891,0.265481,0.6625407,0.40061194,0.34016502,0.7696324,0.43794778,0.7265228,0.4291279,0.7719799,0.19683045,0.74132943,0.30325958,0.3340022,0.35355523,0.16795114,0.729745
RCIP0077,0.91417843,0.38788086,0.8917509,0.11928809,0.18709245,0.72098994,0.9517043,0.51282495,0.24573249,0.8944646,0.71657765,0.2588254,0.3146848,0.14286411,0.21308213,0.22836322,0.23305935,0.21905467,0.9248086,0.16450736,0.9088938,0.18949616,0.30598295,0.2478047,0.13879189,0.2529125,0.4353841,0.22542349,0.922656,0.19639647,0.2724162,0.9678087,0.97446394,0.90606767,0.35525733,0.1963965,0.2606343,0.68801934,0.9136148,0.1963965,0.45532817,0.12930024,0.69686836,1.0,0.91590965,0.89514136,0.24718472,0.11907452,0.6915234,0.90070534,0.19639641,0.15670174,0.15561295,0.20420313,0.15349698,0.25876206,0.8800954,0.2702297,0.23823744,0.93622535,0.3534161,0.21976757,0.4426331,0.30603302,0.9193765,0.32428098,0.93119466,0.24346465,0.44617596,0.16088387,0.16802773,0.17374024,0.19154939,0.7616488
RCIP0078,0.9315858,0.45865038,0.92828107,0.16974986,0.13544169,0.75759745,0.92784745,0.5325552,0.31873286,0.99125475,0.7545961,0.14203706,0.37029976,0.20684075,0.23079652,0.22527021,0.20578843,0.30595928,0.94399786,0.20545435,0.9566826,0.21033832,0.28885677,0.13553292,0.16304898,0.13678384,0.42909956,0.25427175,0.93270403,0.13606894,0.1494134,0.92964673,0.93747485,0.9952589,0.47080114,0.136069,0.14370775,0.75766003,0.9471084,0.13606894,0.4892274,0.15561926,0.75726104,0.91590965,1.0,0.95528233,0.16061705,0.16645133,0.7567496,0.9569845,0.13606891,0.18963623,0.19115016,0.20880091,0.1835733,0.13886717,0.98398405,0.14793846,0.24431789,0.91358113,0.4006548,0.2856191,0.48055774,0.31071803,0.9297193,0.34672165,0.9473875,0.12916178,0.4395848,0.18603915,0.19821164,0.21931565,0.13622874,0.82586986
RCIP0079,0.9231521,0.5030445,0.9678338,0.1940802,0.15673816,0.75393796,0.9188986,0.4872114,0.33735418,0.96178395,0.7530116,0.12282729,0.35613272,0.21341518,0.2156001,0.20588109,0.17941087,0.32215315,0.93001866,0.2593855,0.9932183,0.21425039,0.30088586,0.12115446,0.16089553,0.12023455,0.44757,0.24525934,0.9076109,0.15715837,0.1284948,0.9154543,0.9236809,0.961056,0.49900943,0.1571584,0.12933025,0.7605778,0.97924864,0.15715826,0.5120653,0.14935756,0.7552665,0.89514136,0.95528233,1.0,0.1620869,0.19177765,0.7576493,0.9992967,0.15715837,0.18476635,0.19283348,0.21351737,0.1888257,0.122199774,0.9520766,0.12410021,0.22607502,0.91770554,0.38603663,0.2854702,0.49928528,0.34130436,0.9107698,0.37282094,0.93397987,0.11368489,0.44383955,0.1811173,0.24805754,0.2759332,0.15875956,0.8068102
RCIP0081,0.1802656,0.401776,0.18361357,0.6300311,0.97024626,0.21323651,0.18437651,0.40531793,0.42497027,0.14002931,0.22430378,0.9509794,0.5664396,0.5091505,0.53307885,0.57131195,0.6117281,0.4354508,0.17855501,0.61116505,0.16986507,0.5620809,0.54765433,0.95277184,0.5719965,0.9476374,0.43903828,0.52225214,0.20665804,0.9696671,0.94485545,0.22775063,0.21065214,0.14297283,0.28679633,0.9696671,0.94589996,0.1829459,0.1746087,0.9696672,0.3965494,0.5959279,0.20142645,0.24718472,0.16061705,0.1620869,1.0,0.6315614,0.19423336,0.16375631,0.96966714,0.5318616,0.52575994,0.62309,0.53880745,0.94918406,0.13834953,0.94473696,0.5433732,0.21100745,0.524552,0.46246585,0.37476528,0.50404316,0.20545176,0.47690678,0.1849662,0.9476634,0.43401974,0.5386091,0.5995266,0.5848926,0.9722547,0.21105903
RCIP0082,0.1571247,0.5489675,0.20075577,0.99828535,0.69040036,0.22470021,0.13826263,0.44570485,0.7658013,0.17923382,0.22521555,0.61869615,0.6478829,0.8739744,0.8714056,0.8533279,0.8457718,0.8430027,0.15046278,0.867419,0.18687576,0.8780036,0.7047081,0.6244217,0.8982911,0.6277671,0.47122824,0.871144,0.14269477,0.6830072,0.6151511,0.13059574,0.12829,0.1683442,0.6366537,0.6830071,0.6155468,0.26172632,0.19587305,0.6830071,0.50023097,0.90089273,0.24063689,0.11907452,0.16645133,0.19177765,0.6315614,1.0,0.24762255,0.18806005,0.6830072,0.8911321,0.8884748,0.81340396,0.8837364,0.62594867,0.18376881,0.62007594,0.8523408,0.16819793,0.6064409,0.8555674,0.45579764,0.68678534,0.15452391,0.6747433,0.14382717,0.6385437,0.44401968,0.88994145,0.8723985,0.8702978,0.68925303,0.25530547
RCIP0083,0.74456334,0.730019,0.7151926,0.2485472,0.16741776,0.989028,0.73323166,0.60559195,0.52854645,0.77570885,0.980322,0.1935719,0.3677086,0.3622467,0.29397774,0.25831014,0.23754632,0.39178148,0.7713256,0.35764825,0.7438499,0.29198712,0.3821108,0.19598192,0.30651212,0.18792188,0.7444887,0.2862198,0.74796855,0.16246998,0.18552762,0.7099829,0.7204554,0.77618325,0.70685655,0.16247004,0.19016051,0.99272966,0.737756,0.16246992,0.77300364,0.28625572,0.99892515,0.6915234,0.7567496,0.7576493,0.19423336,0.24762255,1.0,0.75520957,0.16246995,0.32229957,0.32768756,0.31496608,0.31599063,0.18239355,0.79011285,0.17995822,0.27376154,0.66172826,0.40146115,0.35093808,0.76967895,0.44435447,0.72344387,0.43749428,0.76901233,0.1893383,0.738226,0.31016755,0.3400661,0.36077714,0.1655901,0.7285573
RCIP0085,0.92617106,0.4984501,0.9680904,0.19035366,0.15598989,0.751794,0.9229744,0.48781183,0.33192372,0.9623976,0.7514311,0.124873936,0.35814658,0.21119145,0.21415454,0.20472598,0.17888659,0.31805673,0.93302375,0.25496227,0.99282724,0.2123805,0.29954463,0.122715175,0.16066697,0.12193641,0.44392177,0.24363875,0.91009694,0.15628916,0.1305373,0.91955817,0.9275255,0.96230024,0.4922551,0.1562891,0.13119707,0.7579194,0.9794104,0.15628898,0.50916505,0.15007874,0.7531197,0.90070534,0.9569845,0.9992967,0.16375631,0.18806005,0.75520957,1.0,0.1562891,0.18445575,0.19235754,0.2122097,0.18825263,0.12394196,0.9534086,0.12658572,0.22509834,0.9186955,0.38830793,0.28241432,0.4949478,0.33789027,0.9146003,0.3686467,0.93686974,0.1153931,0.4413196,0.18097138,0.24420345,0.271175,0.15766239,0.80589354
RCIP0086,0.1534661,0.39974976,0.17963773,0.6821875,0.99522495,0.17618269,0.14414883,0.38594037,0.46609896,0.12348521,0.18422449,0.93304217,0.5904511,0.55836755,0.5700371,0.6091853,0.6406808,0.48756686,0.1400167,0.6517801,0.16284189,0.60260093,0.5713803,0.9379868,0.6170828,0.9379388,0.39455497,0.56552184,0.17059994,0.9999999,0.93499595,0.18472004,0.16399142,0.12352377,0.3312748,0.99999994,0.93655276,0.15367001,0.16377419,1.0,0.37353933,0.634763,0.16528979,0.19639641,0.13606891,0.15715837,0.96966714,0.6830072,0.16246995,0.1562891,1.0,0.57696724,0.57370996,0.6522809,0.5875186,0.93890834,0.11861026,0.9352394,0.5847609,0.19106138,0.54568887,0.51436466,0.3366578,0.5319224,0.17371464,0.5164872,0.14704925,0.9378679,0.38424617,0.5851773,0.64693195,0.63296384,0.99020934,0.21465874
RCIP0087,0.20403695,0.55476147,0.2018286,0.8921633,0.5843042,0.29483575,0.19741169,0.5195686,0.7941154,0.20746168,0.29425183,0.57027376,0.66931796,0.9719763,0.8793981,0.8589998,0.845848,0.87011373,0.18528041,0.7669141,0.17771548,0.8589921,0.6878153,0.5731323,0.98603165,0.5755403,0.53846055,0.8617424,0.17763257,0.57696724,0.5642628,0.1520142,0.1650765,0.19971383,0.6887284,0.5769672,0.56434363,0.33629695,0.17607385,0.57696724,0.5199716,0.9743729,0.31518763,0.15670174,0.18963623,0.18476635,0.5318616,0.8911321,0.32229957,0.18445575,0.57696724,1.0,0.9976635,0.8210244,0.9835135,0.5715281,0.21735284,0.57259804,0.8556335,0.18331334,0.6454112,0.8815783,0.5406937,0.6788744,0.18693584,0.6684067,0.1784395,0.587476,0.53147924,0.99701333,0.785355,0.7691256,0.5863556,0.29234993
RCIP0088,0.20950639,0.5639031,0.2114824,0.88926625,0.5815171,0.29979205,0.19831342,0.5119948,0.79827,0.21066359,0.30068523,0.5618801,0.6631614,0.97340035,0.87374496,0.852538,0.83824456,0.87062305,0.18779236,0.7701142,0.18531281,0.8563179,0.6877415,0.56614053,0.9852023,0.56775904,0.5434148,0.85678494,0.17904651,0.57370996,0.55585927,0.15211213,0.16338563,0.2029587,0.69955903,0.5737099,0.5572649,0.3411579,0.18186578,0.57370996,0.52713245,0.97387487,0.32027847,0.15561295,0.19115016,0.19283348,0.52575994,0.8884748,0.32768756,0.19235754,0.57370996,0.9976635,1.0,0.82071054,0.98645467,0.5639667,0.22072542,0.56370866,0.8490638,0.18745929,0.6417101,0.8793497,0.5481968,0.68160164,0.1891033,0.6703789,0.18164307,0.57976747,0.5372842,0.9965966,0.78796756,0.77176046,0.5824546,0.2962286
RCIP0089,0.22996137,0.6623967,0.2758298,0.8120765,0.66042525,0.31439725,0.18201604,0.4135604,0.7260061,0.21357566,0.32519042,0.5850785,0.55721295,0.7649795,0.84194577,0.87254107,0.86659265,0.80821973,0.17375255,0.71200955,0.22091982,0.8643744,0.7790918,0.5916585,0.83020127,0.58728707,0.58472294,0.85512704,0.15742439,0.65228087,0.5772948,0.17080188,0.15954125,0.21144909,0.55077666,0.6522808,0.57925844,0.31490004,0.2044326,0.6522809,0.6336818,0.80722517,0.3081423,0.20420313,0.20880091,0.21351737,0.62309,0.81340396,0.31496608,0.2122097,0.6522809,0.8210244,0.82071054,1.0,0.8321526,0.5895159,0.20874047,0.58436334,0.8713131,0.2653006,0.53832114,0.84182435,0.5126519,0.7499323,0.203085,0.73711014,0.18284279,0.5926282,0.53989536,0.8383921,0.7305756,0.72151506,0.6819572,0.21198225
RCIP0090,0.21018225,0.5694745,0.21550193,0.8831046,0.5949556,0.29358262,0.19138348,0.50997555,0.8006447,0.20062172,0.2995041,0.5727933,0.65711564,0.96281826,0.8658619,0.8528503,0.8395021,0.8555661,0.18317512,0.7591849,0.18388891,0.8564147,0.6915792,0.5771151,0.9762441,0.577969,0.5491321,0.8567529,0.17624024,0.5875186,0.56647134,0.15011221,0.15705514,0.19568044,0.6852162,0.5875185,0.5694647,0.32981682,0.17682034,0.5875186,0.5348915,0.9711802,0.30962926,0.15349698,0.1835733,0.1888257,0.53880745,0.8837364,0.31599063,0.18825263,0.5875186,0.9835135,0.98645467,0.8321526,1.0,0.5753298,0.21126768,0.57420975,0.84967446,0.19635013,0.6410525,0.86978966,0.54719543,0.68232113,0.19019827,0.6668892,0.17605728,0.5895499,0.5413638,0.98494184,0.7788384,0.76338106,0.598178,0.2761904
RCIP0091,0.16501445,0.32448542,0.13821751,0.6234678,0.9339771,0.20307723,0.19377533,0.43704432,0.43488434,0.119831115,0.20654535,0.9963726,0.576286,0.54820895,0.5574533,0.5863241,0.6335766,0.42743176,0.17169249,0.5973143,0.13000208,0.566002,0.5459347,0.9940461,0.6075949,0.99804866,0.4272716,0.529372,0.2071898,0.93890834,0.9966954,0.23018694,0.21952814,0.12218118,0.3052646,0.9389084,0.9972196,0.17461005,0.1421172,0.93890846,0.3355537,0.6346632,0.18991274,0.25876206,0.13886717,0.122199774,0.94918406,0.62594867,0.18239355,0.12394196,0.93890834,0.5715281,0.5639667,0.5895159,0.5753298,1.0,0.11879304,0.99614584,0.5584239,0.20380563,0.5377253,0.46552002,0.36719286,0.4973358,0.19093731,0.47027105,0.17403191,0.99699455,0.43080196,0.5771237,0.5967668,0.5698295,0.92500794,0.24174654
RCIP0092,0.92490464,0.48526555,0.9180309,0.18785253,0.12073678,0.77947485,0.91789854,0.5374249,0.3505636,0.99072635,0.7768667,0.12422329,0.3902557,0.24815467,0.23235965,0.21075267,0.18425262,0.33119285,0.9414027,0.22962102,0.9472101,0.21370226,0.2744872,0.12023884,0.18954474,0.11845392,0.45681718,0.2507692,0.9184501,0.11861026,0.12575114,0.90478295,0.91695124,0.9891932,0.5327342,0.11861032,0.12533891,0.79569376,0.9375603,0.11861017,0.5066421,0.18148148,0.7897812,0.8800954,0.98398405,0.9520766,0.13834953,0.18376881,0.79011285,0.9534086,0.11861026,0.21735284,0.22072542,0.20874047,0.21126768,0.11879304,1.0,0.12374395,0.23354277,0.8765794,0.41934305,0.2988437,0.52658665,0.31413496,0.9185174,0.345574,0.941344,0.11380646,0.46848387,0.20862654,0.21932173,0.2403675,0.11820704,0.8541234
RCIP0093,0.1732586,0.310721,0.14290059,0.6176407,0.92852116,0.20198727,0.2029236,0.4469559,0.42760766,0.12534079,0.20526135,0.99281585,0.5816801,0.5443966,0.55791247,0.59059674,0.63888013,0.42237553,0.17827237,0.58439136,0.13259304,0.56148046,0.5419109,0.9895778,0.60776514,0.9962174,0.41416183,0.5279931,0.2191925,0.9352394,0.9981356,0.24185002,0.22725776,0.12936166,0.2954902,0.9352394,0.99398494,0.17209303,0.14556018,0.9352395,0.3278162,0.63489926,0.18770891,0.2702297,0.14793846,0.12410021,0.94473696,0.62007594,0.17995822,0.12658572,0.9352394,0.57259804,0.56370866,0.58436334,0.57420975,0.99614584,0.12374395,1.0,0.5615488,0.20871511,0.54212135,0.46408102,0.3518727,0.48606393,0.19952855,0.46323732,0.18124586,0.9951848,0.4207094,0.57828045,0.58607864,0.5571766,0.9195005,0.23982784
RCIP0094,0.23820731,0.5354289,0.26837987,0.84977245,0.5897091,0.26413128,0.22498065,0.45944345,0.7302928,0.24379471,0.25486037,0.55101335,0.5909401,0.8075275,0.9715524,0.9820542,0.9738323,0.9033063,0.1980694,0.6941961,0.23060483,0.95603395,0.7982815,0.55203164,0.84954333,0.55852556,0.47059187,0.98398036,0.19738507,0.58476084,0.55330247,0.2102333,0.21139082,0.24199477,0.54667085,0.5847608,0.5475055,0.2851022,0.23130971,0.5847609,0.4981715,0.8393624,0.265481,0.23823744,0.24431789,0.22607502,0.5433732,0.8523408,0.27376154,0.22509834,0.5847609,0.8556335,0.8490638,0.8713131,0.84967446,0.5584239,0.23354277,0.5615488,1.0,0.30722713,0.5759227,0.9527086,0.41207704,0.765169,0.22629791,0.7681906,0.1986537,0.56085026,0.42980802,0.8675064,0.72814834,0.7140497,0.5993283,0.27200353
RCIP0097,0.91519505,0.45324904,0.9372238,0.16619754,0.18142828,0.68603987,0.9160505,0.46272293,0.3357125,0.90200114,0.6822007,0.20049235,0.29882398,0.17484677,0.26797274,0.2911307,0.27933362,0.30997986,0.8970322,0.20626202,0.93448627,0.26009065,0.369159,0.19525445,0.15852165,0.19657648,0.4388879,0.30782327,0.8869824,0.19106144,0.21191174,0.9234523,0.9242835,0.9078992,0.39822897,0.1910614,0.20770967,0.6574201,0.9287575,0.19106138,0.47923365,0.14013702,0.6625407,0.93622535,0.91358113,0.91770554,0.21100745,0.16819793,0.66172826,0.9186955,0.19106138,0.18331334,0.18745929,0.2653006,0.19635013,0.20380563,0.8765794,0.20871511,0.30722713,1.0,0.3458214,0.30394036,0.45537823,0.36894965,0.9086117,0.40293694,0.90533274,0.18391103,0.4408217,0.19199783,0.21209112,0.23161364,0.19527033,0.7453449
RCIP0098,0.4089175,0.45437777,0.3614835,0.6043136,0.5482088,0.37438777,0.40530136,0.6811905,0.5731311,0.40639085,0.3750217,0.53520536,0.9735643,0.67199796,0.5987538,0.56939644,0.55141383,0.6088621,0.410703,0.5322438,0.37313402,0.5865718,0.45156726,0.53296375,0.64207816,0.5358844,0.37568665,0.58531934,0.42682996,0.5456888,0.5357992,0.3728862,0.39803782,0.40398532,0.57620764,0.54568887,0.54091966,0.41096628,0.3660264,0.5456888,0.4222315,0.6762588,0.40061194,0.3534161,0.4006548,0.38603663,0.524552,0.6064409,0.40146115,0.38830793,0.54568887,0.6454112,0.6417101,0.53832114,0.6410525,0.5377253,0.41934305,0.54212135,0.5759227,0.3458214,1.0,0.60189664,0.45536375,0.44860044,0.43314904,0.45378596,0.39196372,0.54617053,0.44508654,0.6361691,0.53972906,0.52925116,0.5513938,0.49289167
RCIP0099,0.26564997,0.5907124,0.30765882,0.8555427,0.5237291,0.3202583,0.25116733,0.4781676,0.7587875,0.30188268,0.30957633,0.46215078,0.6130224,0.8573141,0.9618713,0.9438552,0.9175422,0.96879107,0.23420829,0.7118192,0.2783192,0.94745696,0.78009516,0.46794266,0.8668874,0.46851408,0.5002283,0.9602458,0.21626431,0.51436466,0.4571156,0.20865512,0.22330987,0.29394704,0.6414633,0.5143646,0.458459,0.36581188,0.27552593,0.51436466,0.51954705,0.84658575,0.34016502,0.21976757,0.2856191,0.2854702,0.46246585,0.8555674,0.35093808,0.28241432,0.51436466,0.8815783,0.8793497,0.84182435,0.86978966,0.46552002,0.2988437,0.46408102,0.9527086,0.30394036,0.60189664,1.0,0.48551524,0.7732667,0.24219036,0.7776734,0.23359337,0.4747194,0.46551913,0.8844756,0.73688644,0.7360885,0.53338146,0.3374993
RCIP0101,0.47863102,0.85671365,0.47584608,0.4527092,0.34447932,0.7562429,0.50101084,0.6403111,0.6874487,0.5063261,0.76798093,0.3773478,0.42992848,0.5845814,0.45424262,0.42513075,0.41025802,0.5304125,0.50589097,0.56009626,0.48927733,0.47330686,0.5293006,0.38571563,0.53049564,0.36957306,0.94489264,0.43566483,0.48973063,0.33665782,0.35530454,0.46726266,0.47996718,0.49975696,0.707073,0.33665776,0.36761385,0.7658126,0.48799306,0.33665773,0.8356483,0.51948476,0.7696324,0.4426331,0.48055774,0.49928528,0.37476528,0.45579764,0.76967895,0.4949478,0.3366578,0.5406937,0.5481968,0.5126519,0.54719543,0.36719286,0.52658665,0.3518727,0.41207704,0.45537823,0.45536375,0.48551524,1.0,0.5783116,0.4610385,0.5447026,0.49285728,0.37801945,0.97612166,0.5274385,0.54447395,0.555122,0.3515435,0.5068229
RCIP0104,0.26131135,0.635678,0.34180337,0.6885105,0.52987075,0.43303066,0.28915793,0.38890302,0.60752904,0.31730074,0.43307948,0.49783087,0.440803,0.671679,0.7727311,0.7713122,0.76197505,0.78097993,0.2538231,0.83421165,0.34274617,0.8138757,0.9705069,0.51122355,0.6962086,0.5003289,0.6587062,0.7830411,0.23371851,0.5319224,0.48032486,0.29037055,0.3018273,0.32292235,0.53725636,0.53192246,0.49714154,0.43588874,0.32854244,0.5319224,0.5641371,0.6737623,0.43794778,0.30603302,0.31071803,0.34130436,0.50404316,0.68678534,0.44435447,0.33789027,0.5319224,0.6788744,0.68160164,0.7499323,0.68232113,0.4973358,0.31413496,0.48606393,0.765169,0.36894965,0.44860044,0.7732667,0.5783116,1.0,0.23209405,0.97946835,0.25706488,0.49720505,0.5848347,0.6857695,0.84895086,0.8466707,0.5403662,0.34246165
RCIP0105,0.9758139,0.43359053,0.91652566,0.15351865,0.1692102,0.7377674,0.9382684,0.58531994,0.3160199,0.9246209,0.7378998,0.1923024,0.39060152,0.19523779,0.20564729,0.20205876,0.1932916,0.2511674,0.9741759,0.15949616,0.9155099,0.17980748,0.22092521,0.18211052,0.16055027,0.18669632,0.39703554,0.22529733,0.96185434,0.17371464,0.20509875,0.93844813,0.92360693,0.9281173,0.4539259,0.17371464,0.19256392,0.725487,0.92222786,0.17371467,0.4867101,0.15772778,0.7265228,0.9193765,0.9297193,0.9107698,0.20545176,0.15452391,0.72344387,0.9146003,0.17371464,0.18693584,0.1891033,0.203085,0.19019827,0.19093731,0.9185174,0.19952855,0.22629791,0.9086117,0.43314904,0.24219036,0.4610385,0.23209405,1.0,0.25565556,0.9753454,0.18084008,0.43965614,0.18750912,0.1574693,0.1711219,0.169276,0.8125325
RCIP0106,0.28306508,0.60907257,0.36966497,0.67852485,0.5114566,0.4225908,0.3131712,0.38149717,0.60168123,0.35333633,0.41962346,0.468777,0.45299336,0.665031,0.7701266,0.77209115,0.7561598,0.7920515,0.27431247,0.8225956,0.37605566,0.80674374,0.96665585,0.4816597,0.6832464,0.4741706,0.61624235,0.78974956,0.2566668,0.5164872,0.45639846,0.31149033,0.32837552,0.35830233,0.5392895,0.5164872,0.4718002,0.4282303,0.3563704,0.5164872,0.5278747,0.661191,0.4291279,0.32428098,0.34672165,0.37282094,0.47690678,0.6747433,0.43749428,0.3686467,0.5164872,0.6684067,0.6703789,0.73711014,0.6668892,0.47027105,0.345574,0.46323732,0.7681906,0.40293694,0.45378596,0.7776734,0.5447026,0.97946835,0.25565556,1.0,0.27709705,0.46871898,0.54271895,0.6736399,0.84091365,0.8395763,0.52189773,0.37610716
RCIP0107,0.98075485,0.4419498,0.925151,0.14634451,0.14327288,0.77838147,0.94681615,0.5393047,0.29222518,0.9424918,0.7758903,0.17793894,0.35552102,0.1907537,0.18860143,0.17501879,0.16582808,0.2552803,0.9951383,0.18039745,0.9367218,0.16565031,0.23125008,0.16927472,0.15527272,0.1721321,0.43276438,0.19948769,0.9632553,0.14704925,0.18525112,0.94306076,0.9389093,0.9471186,0.4723105,0.14704931,0.17657614,0.7716672,0.9414556,0.14704919,0.4881033,0.14872205,0.7719799,0.93119466,0.9473875,0.93397987,0.1849662,0.14382717,0.76901233,0.93686974,0.14704925,0.1784395,0.18164307,0.18284279,0.17605728,0.17403191,0.941344,0.18124586,0.1986537,0.90533274,0.39196372,0.23359337,0.49285728,0.25706488,0.9753454,0.27709705,1.0,0.16821533,0.46102706,0.17539603,0.1705367,0.18701577,0.14377883,0.82207
RCIP0108,0.15693817,0.33178544,0.1281817,0.6369879,0.93394345,0.20644027,0.18426031,0.4439468,0.44091564,0.11192629,0.20914432,0.9949557,0.58605266,0.567243,0.5647069,0.58967113,0.63610065,0.43995002,0.16606423,0.6085638,0.119078696,0.5716064,0.54254156,0.99401253,0.6235636,0.9978379,0.43377358,0.5315834,0.20136234,0.9378679,0.99523854,0.22002774,0.20609951,0.11317623,0.32216313,0.9378679,0.99508536,0.18283933,0.13271832,0.937868,0.34121227,0.6510705,0.19683045,0.24346465,0.12916178,0.11368489,0.9476634,0.6385437,0.1893383,0.1153931,0.9378679,0.587476,0.57976747,0.5926282,0.5895499,0.99699455,0.11380646,0.9951848,0.56085026,0.18391103,0.54617053,0.4747194,0.37801945,0.49720505,0.18084008,0.46871898,0.16821533,1.0,0.43805838,0.59122854,0.60714734,0.5797835,0.92339027,0.23640728
RCIP0109,0.45126632,0.8488033,0.4385351,0.43921316,0.38844535,0.7408184,0.47083437,0.64388454,0.67397505,0.4509941,0.7548616,0.43990317,0.4149049,0.55334353,0.4550892,0.44841504,0.44629723,0.48691976,0.47079805,0.5481316,0.44273192,0.4741859,0.5571022,0.44607723,0.52549225,0.43201756,0.9574376,0.43530676,0.4770528,0.38424623,0.42222407,0.45891923,0.4570244,0.45208433,0.65084517,0.38424626,0.42923933,0.7297344,0.44370195,0.38424623,0.85364175,0.51729405,0.74132943,0.44617596,0.4395848,0.44383955,0.43401974,0.44401968,0.738226,0.4413196,0.38424617,0.53147924,0.5372842,0.53989536,0.5413638,0.43080196,0.46848387,0.4207094,0.42980802,0.4408217,0.44508654,0.46551913,0.97612166,0.5848347,0.43965614,0.54271895,0.46102706,0.43805838,1.0,0.52539456,0.539003,0.5394812,0.39808854,0.45313865
RCIP0110,0.20618421,0.55678093,0.20652217,0.89021605,0.5923878,0.28719956,0.19282126,0.50694764,0.79344714,0.20122522,0.2875201,0.5745371,0.6566162,0.96277344,0.884513,0.87004536,0.8595304,0.8660934,0.1796704,0.76074547,0.17639667,0.8645055,0.6968981,0.57764316,0.98548836,0.58007956,0.53403556,0.86896086,0.17429358,0.5851773,0.5700156,0.15073925,0.16052747,0.19518447,0.67542577,0.58517724,0.56948495,0.32240078,0.17318112,0.5851773,0.52564204,0.97090364,0.30325958,0.16088387,0.18603915,0.1811173,0.5386091,0.88994145,0.31016755,0.18097138,0.5851773,0.99701333,0.9965966,0.8383921,0.98494184,0.5771237,0.20862654,0.57828045,0.8675064,0.19199783,0.6361691,0.8844756,0.5274385,0.6857695,0.18750912,0.6736399,0.17539603,0.59122854,0.52539456,1.0,0.78137606,0.7636549,0.5950949,0.28190243
RCIP0111,0.16727251,0.5920272,0.2309781,0.87716335,0.6441373,0.3163128,0.17768747,0.43662643,0.68601257,0.21213323,0.31985462,0.5927075,0.57022274,0.7904779,0.7461052,0.7273934,0.72061783,0.7556585,0.17741817,0.99087834,0.2424897,0.78774,0.8480935,0.6036192,0.80989474,0.6023238,0.5699086,0.75621957,0.17123172,0.646932,0.5803846,0.18729013,0.185714,0.20894068,0.6149015,0.6469319,0.5941826,0.34010395,0.24728817,0.64693195,0.52369124,0.8078441,0.3340022,0.16802773,0.19821164,0.24805754,0.5995266,0.8723985,0.3400661,0.24420345,0.64693195,0.785355,0.78796756,0.7305756,0.7788384,0.5967668,0.21932173,0.58607864,0.72814834,0.21209112,0.53972906,0.73688644,0.54447395,0.84895086,0.1574693,0.84091365,0.1705367,0.60714734,0.539003,0.78137606,1.0,0.99085927,0.63984096,0.3146627
RCIP0112,0.18292826,0.60968053,0.2552436,0.87469244,0.63272345,0.33318675,0.19112915,0.43442115,0.69193774,0.23602897,0.33597893,0.5653273,0.5591441,0.7810751,0.73532134,0.7133583,0.70257986,0.7614492,0.19405866,0.992246,0.2685858,0.7833752,0.84331614,0.57722855,0.79208994,0.5747778,0.574547,0.7502695,0.18102783,0.6329639,0.55275685,0.19838181,0.2003395,0.23061699,0.6212418,0.63296384,0.56806093,0.3604313,0.27229473,0.63296384,0.5330258,0.7882829,0.35355523,0.17374024,0.21931565,0.2759332,0.5848926,0.8702978,0.36077714,0.271175,0.63296384,0.7691256,0.77176046,0.72151506,0.76338106,0.5698295,0.2403675,0.5571766,0.7140497,0.23161364,0.52925116,0.7360885,0.555122,0.8466707,0.1711219,0.8395763,0.18701577,0.5797835,0.5394812,0.7636549,0.99085927,1.0,0.6272564,0.3228642
RCIP0113,0.15249872,0.42973927,0.18437967,0.6869929,0.98915267,0.17875925,0.13803709,0.3697093,0.48116717,0.1232124,0.18848431,0.9241021,0.5958319,0.56489533,0.582979,0.62438536,0.653315,0.50570786,0.13585034,0.6447349,0.165093,0.6179875,0.5776424,0.92927754,0.62547636,0.92264694,0.4159317,0.5807707,0.1638405,0.9902093,0.91806334,0.17633933,0.15775025,0.12303406,0.33660704,0.99020934,0.9210528,0.15810862,0.16024196,0.99020946,0.4005226,0.64093,0.16795114,0.19154939,0.13622874,0.15875956,0.9722547,0.68925303,0.1655901,0.15766239,0.99020934,0.5863556,0.5824546,0.6819572,0.598178,0.92500794,0.11820704,0.9195005,0.5993283,0.19527033,0.5513938,0.53338146,0.3515435,0.5403662,0.169276,0.52189773,0.14377883,0.92339027,0.39808854,0.5950949,0.63984096,0.6272564,1.0,0.19933674
RCIP0114,0.81042755,0.42269033,0.76418495,0.25942007,0.21491289,0.7133267,0.8148881,0.59517103,0.37082666,0.8373705,0.6931382,0.24345636,0.46106768,0.33228144,0.28594038,0.2414298,0.22052488,0.3562883,0.8278753,0.31419393,0.799268,0.25525033,0.29707712,0.23936257,0.26737607,0.23949233,0.41244406,0.2900218,0.81336313,0.21465874,0.24537945,0.7786489,0.80735564,0.8344133,0.5798525,0.2146588,0.25202486,0.7381674,0.8104639,0.21465868,0.40756005,0.26658297,0.729745,0.7616488,0.82586986,0.8068102,0.21105903,0.25530547,0.7285573,0.80589354,0.21465874,0.29234993,0.2962286,0.21198225,0.2761904,0.24174654,0.8541234,0.23982784,0.27200353,0.7453449,0.49289167,0.3374993,0.5068229,0.34246165,0.8125325,0.37610716,0.82207,0.23640728,0.45313865,0.28190243,0.3146627,0.3228642,0.19933674,1.0
