entity,model,id,max_similarity,quantile,support_status
host,ESM2,Kpcas091,0.9443378,0.9,supported
host,ESM2,Kpcas042,0.915148,0.9,supported
host,ESM2,Kpcas039,0.92083555,0.9,supported
host,ESM2,CU276,0.8951616,0.9,supported
host,ESM2,CU293,0.894912,0.9,supported
host,ESM2,CU402,0.908476,0.9,supported
host,ESM2,CU406,0.908476,0.9,supported
host,ESM2,CU443,0.87246317,0.85,supported
host,ESM2,CU448,0.87246317,0.85,supported
host,ESM2,CU451,0.87246317,0.85,supported
host,ESM2,CU494,0.908476,0.9,supported
host,ESM2,CU503,0.908476,0.9,supported
host,ESM2,132,0.8946583,0.9,supported
host,ESM2,779,0.8726251,0.85,supported
host,ESM2,806,0.94462,0.9,supported
host,ESM2,228,0.908476,0.9,supported
host,ESM2,245,0.908476,0.9,supported
host,ESM2,406,0.92043465,0.9,supported
host,ESM2,1210,0.8595228,0.85,supported
host,ESM2,1446,0.8947818,0.9,supported
host,ESM2,1468,0.88855433,0.9,supported
host,ESM2,1572,0.8938166,0.9,supported
host,ESM2,2164,0.90470856,0.9,supported
host,ESM2,HAV1_14,0.9149772,0.9,supported
host,ESM2,HAV1_13,0.88812876,0.9,supported
host,ESM2,HCV1_19,0.8934956,0.9,supported
host,ESM2,HCV1_21,0.91552144,0.9,supported
host,ESM2,HCV1_10,0.9257673,0.9,supported
host,ESM2,HCV1_42,0.8790264,0.9,supported
host,ESM2,HCV1_24,0.9238318,0.9,supported
host,ESM2,HCV1_26,0.84225863,0.85,supported
host,ESM2,HCV1_27,0.92283976,0.9,supported
host,ESM2,HCV1_35,0.8331766,0.85,supported
host,ESM2,HCV1_36,0.906192,0.9,supported
host,ESM2,HCV1_33,0.9092703,0.9,supported
host,ESM2,KP_HGE01_045,0.9252183,0.9,supported
host,ESM2,KP_HGE01_024,0.88870203,0.9,supported
host,ESM2,KP_HGE01_025,0.9217252,0.9,supported
host,ESM2,KP_HGE01_042,0.9205667,0.9,supported
host,ESM2,KP_HGE01_017,0.8931904,0.9,supported
host,ESM2,KP_HGE01_039,0.8581336,0.85,supported
host,ESM2,KP_HGE01_044,0.9211895,0.9,supported
host,ESM2,KP_HGE01_040,0.9211895,0.9,supported
host,ESM2,KP_HGE01_029,0.9000384,0.9,supported
host,ESM2,KP_HGE01_014,0.83345646,0.85,supported
host,ESM2,KP_HGE01_003,0.9206109,0.9,supported
host,ESM2,KP_HGE01_004,0.9001609,0.9,supported
host,ESM2,KP_HGE01_005,0.90413094,0.9,supported
host,ESM2,HGUA4_08,0.84241176,0.85,supported
host,ESM2,KP_HGUA02_068,0.8819518,0.9,supported
host,ESM2,HGUA4_09,0.8888998,0.9,supported
host,ESM2,HGUA4_51,0.9041065,0.9,supported
host,ESM2,KP_HGUA02_064,0.88831425,0.9,supported
host,ESM2,KP_HGUA02_073,0.9199735,0.9,supported
host,ESM2,KP_HGUA03_124,0.8423039,0.85,supported
host,ESM2,KP_HGUA02_099,0.9223287,0.9,supported
host,ESM2,KP_HGUA02_066,0.8792895,0.9,supported
host,ESM2,KP_HGUA02_059,0.93332744,0.9,supported
host,ESM2,KP_HGUA02_074,0.906206,0.9,supported
host,ESM2,KP_HGUA02_054,0.8929023,0.9,supported
host,ESM2,KP_HGUA02_051,0.8581413,0.85,supported
host,ESM2,KP_HGUA03_117,0.9217701,0.9,supported
host,ESM2,KP_HGUA02_055,0.8792423,0.9,supported
host,ESM2,KP_HGUA02_092,0.9091455,0.9,supported
host,ESM2,HGUA4_15,0.9222855,0.9,supported
host,ESM2,KP_HGUA03_108,0.8941679,0.9,supported
host,ESM2,KP_HGUA03_147,0.9244832,0.9,supported
host,ESM2,KP_HGUA02_071,0.8361563,0.85,supported
host,ESM2,KP_HGUA02_089,0.8877281,0.9,supported
host,ESM2,Kpcas027,0.8974929,0.9,supported
host,ESM2,Kpcas048,0.877853,0.9,supported
host,ESM2,Kpcas083,0.9004126,0.9,supported
host,ESM2,Kpcas024,0.8948884,0.9,supported
host,ESM2,HGUC2_04,0.86507976,0.85,supported
host,ESM2,Kpcas054,0.92083555,0.9,supported
host,ESM2,HGUC2_09,0.90334046,0.9,supported
host,ESM2,HLF1_17,0.94465387,0.9,supported
host,ESM2,HLF1_40,0.9139562,0.9,supported
host,ESM2,HLF1_54,0.91257983,0.9,supported
host,ESM2,HLF1_68,0.8937024,0.9,supported
host,ESM2,102KP-HG,0.91516757,0.9,supported
host,ESM2,156KP-HG,0.90289557,0.9,supported
host,ESM2,159KP-HG,0.9253926,0.9,supported
host,ESM2,191KP-HG,0.9253926,0.9,supported
host,ESM2,201KP-HG,0.8940375,0.9,supported
host,ESM2,205KP-HG,0.864776,0.85,supported
host,ESM2,218KP-HG,0.9171169,0.9,supported
host,ESM2,225KP-HG,0.92863095,0.9,supported
host,ESM2,234KP-HG,0.90060675,0.9,supported
host,ESM2,242KP-HG,0.92450464,0.9,supported
host,ESM2,255KP-HG,0.7975172,0.8,supported
host,ESM2,268KP-HG,0.9253926,0.9,supported
host,ESM2,48KP-HG,0.8523379,0.85,supported
host,ESM2,HGV2_297,0.89400375,0.9,supported
host,ESM2,33KP-HG,0.9046756,0.9,supported
host,ESM2,HGV2_332,0.9030136,0.9,supported
host,ESM2,34KP-HG,0.8523379,0.85,supported
host,ESM2,HGV2_341,0.90322495,0.9,supported
host,ESM2,HGV2_370,0.9030136,0.9,supported
host,ESM2,HGV2_371,0.9217252,0.9,supported
host,ESM2,HGV2_379,0.9254057,0.9,supported
host,ESM2,HGV2_398,0.8331994,0.85,supported
host,ESM2,HGV2_400,0.9030136,0.9,supported
host,ESM2,HGV2_418,0.87246317,0.85,supported
host,ESM2,HGV2_429,0.94473886,0.9,supported
host,ESM2,HGV2_430,0.9223152,0.9,supported
host,ESM2,HGV2_431,0.83345646,0.85,supported
host,ESM2,52KP-HG,0.9053357,0.9,supported
host,ESM2,62KP-HG,0.9053357,0.9,supported
host,ESM2,Moliner_03,0.8524299,0.85,supported
host,ESM2,Moliner_08,0.9030219,0.9,supported
host,ESM2,Moliner_02,0.90302104,0.9,supported
host,ESM2,NTUH,0.92845154,0.9,supported
host,ESM2,Kpcas111,0.8880767,0.9,supported
host,ESM2,HGV2C_01,0.83318603,0.85,supported
host,ESM2,HGV2C_10,0.8420197,0.85,supported
host,ESM2,HGV2C_11,0.9001547,0.9,supported
host,ESM2,HGV2C_13,0.9001547,0.9,supported
host,ESM2,HGV2C_14,0.8997076,0.9,supported
host,ESM2,HGV2C_16,0.8926107,0.9,supported
host,ESM2,HGV2C_17,0.8927133,0.9,supported
host,ESM2,HGV2C_18,0.8726685,0.85,supported
host,ESM2,HGV2C_02,0.90619177,0.9,supported
host,ESM2,HGV2C_19,0.8554565,0.85,supported
host,ESM2,HGV2C_20,0.92226285,0.9,supported
host,ESM2,HGV2C_23,0.9002844,0.9,supported
host,ESM2,HGV2C_28,0.8890075,0.9,supported
host,ESM2,HGV2C_03,0.92928517,0.9,supported
host,ESM2,HGV2C_33,0.9223378,0.9,supported
host,ESM2,HGV2C_34,0.92199063,0.9,supported
host,ESM2,HGV2C_36_contigs,0.92877793,0.9,supported
host,ESM2,HGV2C_37,0.90925944,0.9,supported
host,ESM2,HGV2C_39,0.9209508,0.9,supported
host,ESM2,HGV2C_06,0.8645092,0.85,supported
host,ESM2,HGV2C_08,0.9284899,0.9,supported
host,ESM2,CU371,0.9121405,0.9,supported
host,ESM2,42KP-HG,0.8847898,0.9,supported
host,ESM2,HGV2C_21,0.90041107,0.9,supported
host,ESMC,Kpcas091,0.99114466,0.9,supported
host,ESMC,Kpcas042,0.7241059,,no_support
host,ESMC,Kpcas039,0.87959576,0.8,supported
host,ESMC,CU276,0.81294775,0.8,supported
host,ESMC,CU293,0.81648237,0.8,supported
host,ESMC,CU402,0.6633817,,no_support
host,ESMC,CU406,0.6633817,,no_support
host,ESMC,CU443,0.95977855,0.9,supported
host,ESMC,CU448,0.95977855,0.9,supported
host,ESMC,CU451,0.95977855,0.9,supported
host,ESMC,CU494,0.6633817,,no_support
host,ESMC,CU503,0.6633817,,no_support
host,ESMC,132,0.8128581,0.8,supported
host,ESMC,779,0.95837057,0.9,supported
host,ESMC,806,0.99183124,0.9,supported
host,ESMC,228,0.6633817,,no_support
host,ESMC,245,0.6633817,,no_support
host,ESMC,406,0.9872843,0.9,supported
host,ESMC,1210,0.990767,0.9,supported
host,ESMC,1446,0.8174659,0.8,supported
host,ESMC,1468,0.9106681,0.85,supported
host,ESMC,1572,0.7841325,0.75,supported
host,ESMC,2164,0.8218627,0.8,supported
host,ESMC,HAV1_14,0.72201276,,no_support
host,ESMC,HAV1_13,0.95739424,0.9,supported
host,ESMC,HCV1_19,0.83038914,0.8,supported
host,ESMC,HCV1_21,0.72885007,,no_support
host,ESMC,HCV1_10,0.9021702,0.85,supported
host,ESMC,HCV1_42,0.9576384,0.9,supported
host,ESMC,HCV1_24,0.6904465,,no_support
host,ESMC,HCV1_26,0.98409855,0.9,supported
host,ESMC,HCV1_27,0.94274664,0.9,supported
host,ESMC,HCV1_35,0.9703754,0.9,supported
host,ESMC,HCV1_36,0.9513593,0.9,supported
host,ESMC,HCV1_33,0.86703587,0.8,supported
host,ESMC,KP_HGE01_045,0.89694417,0.85,supported
host,ESMC,KP_HGE01_024,0.90947217,0.85,supported
host,ESMC,KP_HGE01_025,0.96746635,0.9,supported
host,ESMC,KP_HGE01_042,0.98784876,0.9,supported
host,ESMC,KP_HGE01_017,0.86580116,0.8,supported
host,ESMC,KP_HGE01_039,0.9717277,0.9,supported
host,ESMC,KP_HGE01_044,0.87650305,0.8,supported
host,ESMC,KP_HGE01_040,0.87650305,0.8,supported
host,ESMC,KP_HGE01_029,0.82467526,0.8,supported
host,ESMC,KP_HGE01_014,0.97159,0.9,supported
host,ESMC,KP_HGE01_003,0.98756325,0.9,supported
host,ESMC,KP_HGE01_004,0.82326615,0.8,supported
host,ESMC,KP_HGE01_005,0.7595179,,no_support
host,ESMC,HGUA4_08,0.98408186,0.9,supported
host,ESMC,KP_HGUA02_068,0.90774864,0.85,supported
host,ESMC,HGUA4_09,0.8312999,0.8,supported
host,ESMC,HGUA4_51,0.82201016,0.8,supported
host,ESMC,KP_HGUA02_064,0.95542926,0.9,supported
host,ESMC,KP_HGUA02_073,0.92340326,0.9,supported
host,ESMC,KP_HGUA03_124,0.9841411,0.9,supported
host,ESMC,KP_HGUA02_099,0.7861669,0.75,supported
host,ESMC,KP_HGUA02_066,0.958802,0.9,supported
host,ESMC,KP_HGUA02_059,0.97258276,0.9,supported
host,ESMC,KP_HGUA02_074,0.9498832,0.9,supported
host,ESMC,KP_HGUA02_054,0.85960233,0.8,supported
host,ESMC,KP_HGUA02_051,0.97179955,0.9,supported
host,ESMC,KP_HGUA03_117,0.9674689,0.9,supported
host,ESMC,KP_HGUA02_055,0.9589316,0.9,supported
host,ESMC,KP_HGUA02_092,0.8647858,0.8,supported
host,ESMC,HGUA4_15,0.94120777,0.9,supported
host,ESMC,KP_HGUA03_108,0.86783385,0.8,supported
host,ESMC,KP_HGUA03_147,0.85081553,0.8,supported
host,ESMC,KP_HGUA02_071,0.93412614,0.9,supported
host,ESMC,KP_HGUA02_089,0.9178926,0.85,supported
host,ESMC,Kpcas027,0.73200625,,no_support
host,ESMC,Kpcas048,0.88323593,0.8,supported
host,ESMC,Kpcas083,0.8199281,0.8,supported
host,ESMC,Kpcas024,0.81945753,0.8,supported
host,ESMC,HGUC2_04,0.96245116,0.9,supported
host,ESMC,Kpcas054,0.87959576,0.8,supported
host,ESMC,HGUC2_09,0.9022812,0.85,supported
host,ESMC,HLF1_17,0.99180865,0.9,supported
host,ESMC,HLF1_40,0.7566764,,no_support
host,ESMC,HLF1_54,0.77499545,0.75,supported
host,ESMC,HLF1_68,0.8718606,0.8,supported
host,ESMC,102KP-HG,0.7229954,,no_support
host,ESMC,156KP-HG,0.93900514,0.9,supported
host,ESMC,159KP-HG,0.8953653,0.85,supported
host,ESMC,191KP-HG,0.8953653,0.85,supported
host,ESMC,201KP-HG,0.91973376,0.85,supported
host,ESMC,205KP-HG,0.95979977,0.9,supported
host,ESMC,218KP-HG,0.72484696,,no_support
host,ESMC,225KP-HG,0.76459134,0.75,supported
host,ESMC,234KP-HG,0.8185011,0.8,supported
host,ESMC,242KP-HG,0.85055554,0.8,supported
host,ESMC,255KP-HG,0.9802239,0.9,supported
host,ESMC,268KP-HG,0.8953653,0.85,supported
host,ESMC,48KP-HG,0.9600135,0.9,supported
host,ESMC,HGV2_297,0.8313549,0.8,supported
host,ESMC,33KP-HG,0.82242686,0.8,supported
host,ESMC,HGV2_332,0.93926626,0.9,supported
host,ESMC,34KP-HG,0.9600135,0.9,supported
host,ESMC,HGV2_341,0.93932986,0.9,supported
host,ESMC,HGV2_370,0.93926626,0.9,supported
host,ESMC,HGV2_371,0.96746635,0.9,supported
host,ESMC,HGV2_379,0.8949598,0.85,supported
host,ESMC,HGV2_398,0.97035134,0.9,supported
host,ESMC,HGV2_400,0.93926626,0.9,supported
host,ESMC,HGV2_418,0.95977855,0.9,supported
host,ESMC,HGV2_429,0.9918511,0.9,supported
host,ESMC,HGV2_430,0.79751295,0.75,supported
host,ESMC,HGV2_431,0.97159,0.9,supported
host,ESMC,52KP-HG,0.8146389,0.8,supported
host,ESMC,62KP-HG,0.8146389,0.8,supported
host,ESMC,Moliner_03,0.9598197,0.9,supported
host,ESMC,Moliner_08,0.939464,0.9,supported
host,ESMC,Moliner_02,0.93912506,0.9,supported
host,ESMC,NTUH,0.7839,0.75,supported
host,ESMC,Kpcas111,0.7487022,,no_support
host,ESMC,HGV2C_01,0.97038835,0.9,supported
host,ESMC,HGV2C_10,0.98414254,0.9,supported
host,ESMC,HGV2C_11,0.8229243,0.8,supported
host,ESMC,HGV2C_13,0.8229243,0.8,supported
host,ESMC,HGV2C_14,0.88382745,0.8,supported
host,ESMC,HGV2C_16,0.9004867,0.85,supported
host,ESMC,HGV2C_17,0.899122,0.85,supported
host,ESMC,HGV2C_18,0.97337735,0.9,supported
host,ESMC,HGV2C_02,0.94943345,0.9,supported
host,ESMC,HGV2C_19,0.9751259,0.9,supported
host,ESMC,HGV2C_20,0.94060695,0.9,supported
host,ESMC,HGV2C_23,0.8148783,0.8,supported
host,ESMC,HGV2C_28,0.8301052,0.8,supported
host,ESMC,HGV2C_03,0.83851004,0.8,supported
host,ESMC,HGV2C_33,0.94142616,0.9,supported
host,ESMC,HGV2C_34,0.9664672,0.9,supported
host,ESMC,HGV2C_36_contigs,0.7876593,0.75,supported
host,ESMC,HGV2C_37,0.8653709,0.8,supported
host,ESMC,HGV2C_39,0.92791355,0.9,supported
host,ESMC,HGV2C_06,0.9594465,0.9,supported
host,ESMC,HGV2C_08,0.78555536,0.75,supported
host,ESMC,CU371,0.7412902,,no_support
host,ESMC,42KP-HG,0.9599334,0.9,supported
host,ESMC,HGV2C_21,0.91354597,0.85,supported
host,LucaOne,Kpcas091,0.7632661,0.85,supported
host,LucaOne,Kpcas042,0.7599914,0.85,supported
host,LucaOne,Kpcas039,0.7572293,0.85,supported
host,LucaOne,CU276,0.75797325,0.85,supported
host,LucaOne,CU293,0.7579731,0.85,supported
host,LucaOne,CU402,0.75979173,0.85,supported
host,LucaOne,CU406,0.75979173,0.85,supported
host,LucaOne,CU443,0.75321066,0.85,supported
host,LucaOne,CU448,0.75321066,0.85,supported
host,LucaOne,CU451,0.75321066,0.85,supported
host,LucaOne,CU494,0.75979173,0.85,supported
host,LucaOne,CU503,0.75979173,0.85,supported
host,LucaOne,132,0.7579881,0.85,supported
host,LucaOne,779,0.7533328,0.85,supported
host,LucaOne,806,0.7631881,0.85,supported
host,LucaOne,228,0.75979173,0.85,supported
host,LucaOne,245,0.75979173,0.85,supported
host,LucaOne,406,0.7612134,0.85,supported
host,LucaOne,1210,0.75320137,0.85,supported
host,LucaOne,1446,0.75798273,0.85,supported
host,LucaOne,1468,0.7567513,0.85,supported
host,LucaOne,1572,0.7563292,0.85,supported
host,LucaOne,2164,0.7591628,0.85,supported
host,LucaOne,HAV1_14,0.7599735,0.85,supported
host,LucaOne,HAV1_13,0.7563435,0.85,supported
host,LucaOne,HCV1_19,0.75777316,0.85,supported
host,LucaOne,HCV1_21,0.7588506,0.85,supported
host,LucaOne,HCV1_10,0.7618028,0.85,supported
host,LucaOne,HCV1_42,0.75970197,0.85,supported
host,LucaOne,HCV1_24,0.7660117,0.85,supported
host,LucaOne,HCV1_26,0.7554728,0.85,supported
host,LucaOne,HCV1_27,0.7580718,0.85,supported
host,LucaOne,HCV1_35,0.7515954,0.85,supported
host,LucaOne,HCV1_36,0.75727415,0.85,supported
host,LucaOne,HCV1_33,0.7577869,0.85,supported
host,LucaOne,KP_HGE01_045,0.76158804,0.85,supported
host,LucaOne,KP_HGE01_024,0.75672984,0.85,supported
host,LucaOne,KP_HGE01_025,0.7646458,0.85,supported
host,LucaOne,KP_HGE01_042,0.76121867,0.85,supported
host,LucaOne,KP_HGE01_017,0.7557447,0.85,supported
host,LucaOne,KP_HGE01_039,0.75311726,0.85,supported
host,LucaOne,KP_HGE01_044,0.7572783,0.85,supported
host,LucaOne,KP_HGE01_040,0.7572783,0.85,supported
host,LucaOne,KP_HGE01_029,0.7578714,0.85,supported
host,LucaOne,KP_HGE01_014,0.75167966,0.85,supported
host,LucaOne,KP_HGE01_003,0.76121515,0.85,supported
host,LucaOne,KP_HGE01_004,0.7579138,0.85,supported
host,LucaOne,KP_HGE01_005,0.7581681,0.85,supported
host,LucaOne,HGUA4_08,0.75542,0.85,supported
host,LucaOne,KP_HGUA02_068,0.7580291,0.85,supported
host,LucaOne,HGUA4_09,0.75514233,0.85,supported
host,LucaOne,HGUA4_51,0.7591156,0.85,supported
host,LucaOne,KP_HGUA02_064,0.75649583,0.85,supported
host,LucaOne,KP_HGUA02_073,0.7605679,0.85,supported
host,LucaOne,KP_HGUA03_124,0.75548565,0.85,supported
host,LucaOne,KP_HGUA02_099,0.75927544,0.85,supported
host,LucaOne,KP_HGUA02_066,0.7596045,0.85,supported
host,LucaOne,KP_HGUA02_059,0.7618259,0.85,supported
host,LucaOne,KP_HGUA02_074,0.7573486,0.85,supported
host,LucaOne,KP_HGUA02_054,0.7557834,0.85,supported
host,LucaOne,KP_HGUA02_051,0.75311613,0.85,supported
host,LucaOne,KP_HGUA03_117,0.76463604,0.85,supported
host,LucaOne,KP_HGUA02_055,0.7596253,0.85,supported
host,LucaOne,KP_HGUA02_092,0.7577666,0.85,supported
host,LucaOne,HGUA4_15,0.75793064,0.85,supported
host,LucaOne,KP_HGUA03_108,0.75588,0.85,supported
host,LucaOne,KP_HGUA03_147,0.7611246,0.85,supported
host,LucaOne,KP_HGUA02_071,0.75702965,0.85,supported
host,LucaOne,KP_HGUA02_089,0.75865066,0.85,supported
host,LucaOne,Kpcas027,0.7567748,0.85,supported
host,LucaOne,Kpcas048,0.75796163,0.85,supported
host,LucaOne,Kpcas083,0.757042,0.85,supported
host,LucaOne,Kpcas024,0.7579048,0.85,supported
host,LucaOne,HGUC2_04,0.7526454,0.85,supported
host,LucaOne,Kpcas054,0.7572293,0.85,supported
host,LucaOne,HGUC2_09,0.7584883,0.85,supported
host,LucaOne,HLF1_17,0.76319075,0.85,supported
host,LucaOne,HLF1_40,0.7631805,0.85,supported
host,LucaOne,HLF1_54,0.762354,0.85,supported
host,LucaOne,HLF1_68,0.7582729,0.85,supported
host,LucaOne,102KP-HG,0.7599801,0.85,supported
host,LucaOne,156KP-HG,0.75496995,0.85,supported
host,LucaOne,159KP-HG,0.76155734,0.85,supported
host,LucaOne,191KP-HG,0.76155734,0.85,supported
host,LucaOne,201KP-HG,0.7570396,0.85,supported
host,LucaOne,205KP-HG,0.7529534,0.85,supported
host,LucaOne,218KP-HG,0.7600052,0.85,supported
host,LucaOne,225KP-HG,0.76710975,0.85,supported
host,LucaOne,234KP-HG,0.7570387,0.85,supported
host,LucaOne,242KP-HG,0.76110286,0.85,supported
host,LucaOne,255KP-HG,0.7499616,0.85,supported
host,LucaOne,268KP-HG,0.76155734,0.85,supported
host,LucaOne,48KP-HG,0.7572122,0.85,supported
host,LucaOne,HGV2_297,0.75775856,0.85,supported
host,LucaOne,33KP-HG,0.75915194,0.85,supported
host,LucaOne,HGV2_332,0.75493,0.85,supported
host,LucaOne,34KP-HG,0.7572122,0.85,supported
host,LucaOne,HGV2_341,0.7549277,0.85,supported
host,LucaOne,HGV2_370,0.75493,0.85,supported
host,LucaOne,HGV2_371,0.7646458,0.85,supported
host,LucaOne,HGV2_379,0.76156044,0.85,supported
host,LucaOne,HGV2_398,0.7515905,0.85,supported
host,LucaOne,HGV2_400,0.75493,0.85,supported
host,LucaOne,HGV2_418,0.75321066,0.85,supported
host,LucaOne,HGV2_429,0.76327366,0.85,supported
host,LucaOne,HGV2_430,0.75927985,0.85,supported
host,LucaOne,HGV2_431,0.75167966,0.85,supported
host,LucaOne,52KP-HG,0.7587701,0.85,supported
host,LucaOne,62KP-HG,0.7587701,0.85,supported
host,LucaOne,Moliner_03,0.7572597,0.85,supported
host,LucaOne,Moliner_08,0.75509036,0.85,supported
host,LucaOne,Moliner_02,0.7549308,0.85,supported
host,LucaOne,NTUH,0.7673253,0.85,supported
host,LucaOne,Kpcas111,0.7551595,0.85,supported
host,LucaOne,HGV2C_01,0.75160503,0.85,supported
host,LucaOne,HGV2C_10,0.7554741,0.85,supported
host,LucaOne,HGV2C_11,0.7578633,0.85,supported
host,LucaOne,HGV2C_13,0.7578633,0.85,supported
host,LucaOne,HGV2C_14,0.75817037,0.85,supported
host,LucaOne,HGV2C_16,0.7545078,0.85,supported
host,LucaOne,HGV2C_17,0.754542,0.85,supported
host,LucaOne,HGV2C_18,0.7563266,0.85,supported
host,LucaOne,HGV2C_02,0.7573564,0.85,supported
host,LucaOne,HGV2C_19,0.75107145,0.85,supported
host,LucaOne,HGV2C_20,0.75797004,0.85,supported
host,LucaOne,HGV2C_23,0.75699234,0.85,supported
host,LucaOne,HGV2C_28,0.7551512,0.85,supported
host,LucaOne,HGV2C_03,0.7599014,0.85,supported
host,LucaOne,HGV2C_33,0.7579489,0.85,supported
host,LucaOne,HGV2C_34,0.76459175,0.85,supported
host,LucaOne,HGV2C_36_contigs,0.7673156,0.85,supported
host,LucaOne,HGV2C_37,0.7577866,0.85,supported
host,LucaOne,HGV2C_39,0.7608685,0.85,supported
host,LucaOne,HGV2C_06,0.7529131,0.85,supported
host,LucaOne,HGV2C_08,0.767303,0.85,supported
host,LucaOne,CU371,0.7584172,0.85,supported
host,LucaOne,42KP-HG,0.75632226,0.85,supported
host,LucaOne,HGV2C_21,0.75957537,0.85,supported
host,BacFormer,Kpcas091,0.68915385,0.9,supported
host,BacFormer,Kpcas042,0.77955985,0.9,supported
host,BacFormer,Kpcas039,0.7413971,0.9,supported
host,BacFormer,CU276,0.6611886,0.85,supported
host,BacFormer,CU293,0.6933203,0.9,supported
host,BacFormer,CU402,0.6652079,0.85,supported
host,BacFormer,CU406,0.635992,0.85,supported
host,BacFormer,CU443,0.6839906,0.9,supported
host,BacFormer,CU448,0.6839906,0.9,supported
host,BacFormer,CU451,0.68561524,0.9,supported
host,BacFormer,CU494,0.6652079,0.85,supported
host,BacFormer,CU503,0.6651041,0.85,supported
host,BacFormer,132,0.671419,0.85,supported
host,BacFormer,779,0.6850037,0.9,supported
host,BacFormer,806,0.66824806,0.85,supported
host,BacFormer,228,0.63639295,0.85,supported
host,BacFormer,245,0.66824687,0.85,supported
host,BacFormer,406,0.7075701,0.9,supported
host,BacFormer,1210,0.73698026,0.9,supported
host,BacFormer,1446,0.6919422,0.9,supported
host,BacFormer,1468,0.70680255,0.9,supported
host,BacFormer,1572,0.6124827,0.85,supported
host,BacFormer,2164,0.63097584,0.85,supported
host,BacFormer,HAV1_14,0.78303766,0.9,supported
host,BacFormer,HAV1_13,0.643561,0.85,supported
host,BacFormer,HCV1_19,0.6731912,0.85,supported
host,BacFormer,HCV1_21,0.72053856,0.9,supported
host,BacFormer,HCV1_10,0.68634564,0.9,supported
host,BacFormer,HCV1_42,0.6333648,0.85,supported
host,BacFormer,HCV1_24,0.65215194,0.85,supported
host,BacFormer,HCV1_26,0.7058475,0.9,supported
host,BacFormer,HCV1_27,0.7592008,0.9,supported
host,BacFormer,HCV1_35,0.68001544,0.85,supported
host,BacFormer,HCV1_36,0.76848304,0.9,supported
host,BacFormer,HCV1_33,0.7694082,0.9,supported
host,BacFormer,KP_HGE01_045,0.6957786,0.9,supported
host,BacFormer,KP_HGE01_024,0.65171266,0.85,supported
host,BacFormer,KP_HGE01_025,0.84267724,0.95,supported
host,BacFormer,KP_HGE01_042,0.79138064,0.9,supported
host,BacFormer,KP_HGE01_017,0.60399103,0.85,supported
host,BacFormer,KP_HGE01_039,0.6712131,0.85,supported
host,BacFormer,KP_HGE01_044,0.84915626,0.95,supported
host,BacFormer,KP_HGE01_040,0.8229209,0.95,supported
host,BacFormer,KP_HGE01_029,0.6500766,0.85,supported
host,BacFormer,KP_HGE01_014,0.6460291,0.85,supported
host,BacFormer,KP_HGE01_003,0.79769313,0.9,supported
host,BacFormer,KP_HGE01_004,0.6222125,0.85,supported
host,BacFormer,KP_HGE01_005,0.6203139,0.85,supported
host,BacFormer,HGUA4_08,0.7089475,0.9,supported
host,BacFormer,KP_HGUA02_068,0.6324757,0.85,supported
host,BacFormer,HGUA4_09,0.6642346,0.85,supported
host,BacFormer,HGUA4_51,0.62514824,0.85,supported
host,BacFormer,KP_HGUA02_064,0.666747,0.85,supported
host,BacFormer,KP_HGUA02_073,0.6680773,0.85,supported
host,BacFormer,KP_HGUA03_124,0.68626624,0.9,supported
host,BacFormer,KP_HGUA02_099,0.72053313,0.9,supported
host,BacFormer,KP_HGUA02_066,0.6916783,0.9,supported
host,BacFormer,KP_HGUA02_059,0.68279016,0.85,supported
host,BacFormer,KP_HGUA02_074,0.78859544,0.9,supported
host,BacFormer,KP_HGUA02_054,0.6023035,0.85,supported
host,BacFormer,KP_HGUA02_051,0.71909344,0.9,supported
host,BacFormer,KP_HGUA03_117,0.85009885,0.95,supported
host,BacFormer,KP_HGUA02_055,0.69394064,0.9,supported
host,BacFormer,KP_HGUA02_092,0.76068866,0.9,supported
host,BacFormer,HGUA4_15,0.782927,0.9,supported
host,BacFormer,KP_HGUA03_108,0.6181484,0.85,supported
host,BacFormer,KP_HGUA03_147,0.69110763,0.9,supported
host,BacFormer,KP_HGUA02_071,0.6273222,0.85,supported
host,BacFormer,KP_HGUA02_089,0.63803476,0.85,supported
host,BacFormer,Kpcas027,0.6498228,0.85,supported
host,BacFormer,Kpcas048,0.69954157,0.9,supported
host,BacFormer,Kpcas083,0.6268151,0.85,supported
host,BacFormer,Kpcas024,0.7052119,0.9,supported
host,BacFormer,HGUC2_04,0.6241302,0.85,supported
host,BacFormer,Kpcas054,0.8085679,0.95,supported
host,BacFormer,HGUC2_09,0.6131903,0.85,supported
host,BacFormer,HLF1_17,0.7422853,0.9,supported
host,BacFormer,HLF1_40,0.6675992,0.85,supported
host,BacFormer,HLF1_54,0.7203833,0.9,supported
host,BacFormer,HLF1_68,0.77630365,0.9,supported
host,BacFormer,102KP-HG,0.7771443,0.9,supported
host,BacFormer,156KP-HG,0.6710354,0.85,supported
host,BacFormer,159KP-HG,0.69578314,0.9,supported
host,BacFormer,191KP-HG,0.6570014,0.85,supported
host,BacFormer,201KP-HG,0.66860056,0.85,supported
host,BacFormer,205KP-HG,0.6622544,0.85,supported
host,BacFormer,218KP-HG,0.694149,0.9,supported
host,BacFormer,225KP-HG,0.7039655,0.9,supported
host,BacFormer,234KP-HG,0.63898855,0.85,supported
host,BacFormer,242KP-HG,0.71146035,0.9,supported
host,BacFormer,255KP-HG,0.78907585,0.9,supported
host,BacFormer,268KP-HG,0.706925,0.9,supported
host,BacFormer,48KP-HG,0.7185392,0.9,supported
host,BacFormer,HGV2_297,0.6660074,0.85,supported
host,BacFormer,33KP-HG,0.6336454,0.85,supported
host,BacFormer,HGV2_332,0.6905035,0.9,supported
host,BacFormer,34KP-HG,0.7185392,0.9,supported
host,BacFormer,HGV2_341,0.69294584,0.9,supported
host,BacFormer,HGV2_370,0.6905035,0.9,supported
host,BacFormer,HGV2_371,0.86195225,0.95,supported
host,BacFormer,HGV2_379,0.69709444,0.9,supported
host,BacFormer,HGV2_398,0.6499949,0.85,supported
host,BacFormer,HGV2_400,0.6404047,0.85,supported
host,BacFormer,HGV2_418,0.6839906,0.9,supported
host,BacFormer,HGV2_429,0.6782703,0.85,supported
host,BacFormer,HGV2_430,0.7394299,0.9,supported
host,BacFormer,HGV2_431,0.6432445,0.85,supported
host,BacFormer,52KP-HG,0.654595,0.85,supported
host,BacFormer,62KP-HG,0.65767354,0.85,supported
host,BacFormer,Moliner_03,0.6912446,0.9,supported
host,BacFormer,Moliner_08,0.6542966,0.85,supported
host,BacFormer,Moliner_02,0.6839457,0.9,supported
host,BacFormer,NTUH,0.7806399,0.9,supported
host,BacFormer,Kpcas111,0.67734617,0.85,supported
host,BacFormer,HGV2C_01,0.63307536,0.85,supported
host,BacFormer,HGV2C_10,0.7046762,0.9,supported
host,BacFormer,HGV2C_11,0.64869314,0.85,supported
host,BacFormer,HGV2C_13,0.650258,0.85,supported
host,BacFormer,HGV2C_14,0.6631981,0.85,supported
host,BacFormer,HGV2C_16,0.67546517,0.85,supported
host,BacFormer,HGV2C_17,0.6688845,0.85,supported
host,BacFormer,HGV2C_18,0.6931731,0.9,supported
host,BacFormer,HGV2C_02,0.7579242,0.9,supported
host,BacFormer,HGV2C_19,0.72504497,0.9,supported
host,BacFormer,HGV2C_20,0.753624,0.9,supported
host,BacFormer,HGV2C_23,0.66534835,0.85,supported
host,BacFormer,HGV2C_28,0.6567871,0.85,supported
host,BacFormer,HGV2C_03,0.67831504,0.85,supported
host,BacFormer,HGV2C_33,0.79405355,0.9,supported
host,BacFormer,HGV2C_34,0.8624605,0.95,supported
host,BacFormer,HGV2C_36_contigs,0.77677244,0.9,supported
host,BacFormer,HGV2C_37,0.76381713,0.9,supported
host,BacFormer,HGV2C_39,0.6844639,0.9,supported
host,BacFormer,HGV2C_06,0.6690156,0.85,supported
host,BacFormer,HGV2C_08,0.7630209,0.9,supported
host,BacFormer,CU371,0.73273206,0.9,supported
host,BacFormer,42KP-HG,0.74998647,0.9,supported
host,BacFormer,HGV2C_21,0.64528227,0.85,supported
host,AF3,Kpcas091,0.9448289,0.95,supported
host,AF3,Kpcas042,0.8715234,0.9,supported
host,AF3,Kpcas039,0.96385086,0.95,supported
host,AF3,CU276,0.83493817,0.9,supported
host,AF3,CU293,0.8409965,0.9,supported
host,AF3,CU402,0.8367335,0.9,supported
host,AF3,CU406,0.8367335,0.9,supported
host,AF3,CU443,0.8887684,0.9,supported
host,AF3,CU448,0.8887684,0.9,supported
host,AF3,CU451,0.8887684,0.9,supported
host,AF3,CU494,0.8367335,0.9,supported
host,AF3,CU503,0.8367335,0.9,supported
host,AF3,132,0.8310087,0.9,supported
host,AF3,779,0.888301,0.9,supported
host,AF3,806,0.95187926,0.95,supported
host,AF3,228,0.8367335,0.9,supported
host,AF3,245,0.8367335,0.9,supported
host,AF3,406,0.952381,0.95,supported
host,AF3,1210,0.9493357,0.95,supported
host,AF3,1446,0.8355113,0.9,supported
host,AF3,1468,0.9153239,0.9,supported
host,AF3,1572,0.86611325,0.9,supported
host,AF3,2164,0.94054306,0.95,supported
host,AF3,HAV1_14,0.87100327,0.9,supported
host,AF3,HAV1_13,0.94480354,0.95,supported
host,AF3,HCV1_19,0.9270485,0.9,supported
host,AF3,HCV1_21,0.86341786,0.9,supported
host,AF3,HCV1_10,0.81381065,0.9,supported
host,AF3,HCV1_42,0.97452193,0.95,supported
host,AF3,HCV1_24,0.69749963,0.8,supported
host,AF3,HCV1_26,0.93419486,0.9,supported
host,AF3,HCV1_27,0.8870696,0.9,supported
host,AF3,HCV1_35,0.7033441,0.8,supported
host,AF3,HCV1_36,0.9581775,0.95,supported
host,AF3,HCV1_33,0.94737464,0.95,supported
host,AF3,KP_HGE01_045,0.8191535,0.9,supported
host,AF3,KP_HGE01_024,0.9151847,0.9,supported
host,AF3,KP_HGE01_025,0.9545688,0.95,supported
host,AF3,KP_HGE01_042,0.9513904,0.95,supported
host,AF3,KP_HGE01_017,0.7640544,0.85,supported
host,AF3,KP_HGE01_039,0.95086735,0.95,supported
host,AF3,KP_HGE01_044,0.9640729,0.95,supported
host,AF3,KP_HGE01_040,0.9640729,0.95,supported
host,AF3,KP_HGE01_029,0.88349324,0.9,supported
host,AF3,KP_HGE01_014,0.688889,0.75,supported
host,AF3,KP_HGE01_003,0.9500875,0.95,supported
host,AF3,KP_HGE01_004,0.8823013,0.9,supported
host,AF3,KP_HGE01_005,0.83664787,0.9,supported
host,AF3,HGUA4_08,0.9340776,0.9,supported
host,AF3,KP_HGUA02_068,0.88748074,0.9,supported
host,AF3,HGUA4_09,0.82915723,0.9,supported
host,AF3,HGUA4_51,0.9389507,0.95,supported
host,AF3,KP_HGUA02_064,0.9398402,0.95,supported
host,AF3,KP_HGUA02_073,0.8394559,0.9,supported
host,AF3,KP_HGUA03_124,0.9337404,0.9,supported
host,AF3,KP_HGUA02_099,0.8607136,0.9,supported
host,AF3,KP_HGUA02_066,0.97583985,0.95,supported
host,AF3,KP_HGUA02_059,0.8714515,0.9,supported
host,AF3,KP_HGUA02_074,0.9578951,0.95,supported
host,AF3,KP_HGUA02_054,0.74297184,0.85,supported
host,AF3,KP_HGUA02_051,0.94983137,0.95,supported
host,AF3,KP_HGUA03_117,0.9576913,0.95,supported
host,AF3,KP_HGUA02_055,0.9755634,0.95,supported
host,AF3,KP_HGUA02_092,0.9405869,0.95,supported
host,AF3,HGUA4_15,0.8862105,0.9,supported
host,AF3,KP_HGUA03_108,0.7979342,0.85,supported
host,AF3,KP_HGUA03_147,0.82560873,0.9,supported
host,AF3,KP_HGUA02_071,0.82390964,0.9,supported
host,AF3,KP_HGUA02_089,0.92752767,0.9,supported
host,AF3,Kpcas027,0.8556409,0.9,supported
host,AF3,Kpcas048,0.86604106,0.9,supported
host,AF3,Kpcas083,0.8592819,0.9,supported
host,AF3,Kpcas024,0.83165145,0.9,supported
host,AF3,HGUC2_04,0.843781,0.9,supported
host,AF3,Kpcas054,0.96385086,0.95,supported
host,AF3,HGUC2_09,0.8818548,0.9,supported
host,AF3,HLF1_17,0.9534839,0.95,supported
host,AF3,HLF1_40,0.8043611,0.85,supported
host,AF3,HLF1_54,0.82508516,0.9,supported
host,AF3,HLF1_68,0.94040257,0.95,supported
host,AF3,102KP-HG,0.8712171,0.9,supported
host,AF3,156KP-HG,0.8757916,0.9,supported
host,AF3,159KP-HG,0.81939185,0.9,supported
host,AF3,191KP-HG,0.81939185,0.9,supported
host,AF3,201KP-HG,0.850251,0.9,supported
host,AF3,205KP-HG,0.8367753,0.9,supported
host,AF3,218KP-HG,0.880233,0.9,supported
host,AF3,225KP-HG,0.88893366,0.9,supported
host,AF3,234KP-HG,0.8617521,0.9,supported
host,AF3,242KP-HG,0.82143295,0.9,supported
host,AF3,255KP-HG,0.9391597,0.95,supported
host,AF3,268KP-HG,0.81939185,0.9,supported
host,AF3,48KP-HG,0.8375361,0.9,supported
host,AF3,HGV2_297,0.9274208,0.9,supported
host,AF3,33KP-HG,0.94042075,0.95,supported
host,AF3,HGV2_332,0.8765574,0.9,supported
host,AF3,34KP-HG,0.8375361,0.9,supported
host,AF3,HGV2_341,0.8760023,0.9,supported
host,AF3,HGV2_370,0.8765574,0.9,supported
host,AF3,HGV2_371,0.9545688,0.95,supported
host,AF3,HGV2_379,0.81959033,0.9,supported
host,AF3,HGV2_398,0.70232,0.8,supported
host,AF3,HGV2_400,0.8765574,0.9,supported
host,AF3,HGV2_418,0.8887684,0.9,supported
host,AF3,HGV2_429,0.9479729,0.95,supported
host,AF3,HGV2_430,0.86003417,0.9,supported
host,AF3,HGV2_431,0.688889,0.75,supported
host,AF3,52KP-HG,0.9259699,0.9,supported
host,AF3,62KP-HG,0.9259699,0.9,supported
host,AF3,Moliner_03,0.84061426,0.9,supported
host,AF3,Moliner_08,0.87525094,0.9,supported
host,AF3,Moliner_02,0.8751699,0.9,supported
host,AF3,NTUH,0.89787483,0.9,supported
host,AF3,Kpcas111,0.8895443,0.9,supported
host,AF3,HGV2C_01,0.69982624,0.8,supported
host,AF3,HGV2C_10,0.9365857,0.9,supported
host,AF3,HGV2C_11,0.8813678,0.9,supported
host,AF3,HGV2C_13,0.8813678,0.9,supported
host,AF3,HGV2C_14,0.94237137,0.95,supported
host,AF3,HGV2C_16,0.7994953,0.85,supported
host,AF3,HGV2C_17,0.79441756,0.85,supported
host,AF3,HGV2C_18,0.8421425,0.9,supported
host,AF3,HGV2C_02,0.96369904,0.95,supported
host,AF3,HGV2C_19,0.9233942,0.9,supported
host,AF3,HGV2C_20,0.8870616,0.9,supported
host,AF3,HGV2C_23,0.85585445,0.9,supported
host,AF3,HGV2C_28,0.8239311,0.9,supported
host,AF3,HGV2C_03,0.865094,0.9,supported
host,AF3,HGV2C_33,0.884307,0.9,supported
host,AF3,HGV2C_34,0.95342916,0.95,supported
host,AF3,HGV2C_36_contigs,0.89795935,0.9,supported
host,AF3,HGV2C_37,0.9480119,0.95,supported
host,AF3,HGV2C_39,0.8502668,0.9,supported
host,AF3,HGV2C_06,0.83988154,0.9,supported
host,AF3,HGV2C_08,0.8985597,0.9,supported
host,AF3,CU371,0.92754143,0.9,supported
host,AF3,42KP-HG,0.94255817,0.95,supported
host,AF3,HGV2C_21,0.958144,0.95,supported
phage,ESM2,A1a,0.9106426,0.85,supported
phage,ESM2,A1b,0.9081354,0.85,supported
phage,ESM2,A1c,0.90744144,0.85,supported
phage,ESM2,A1d,0.8728894,0.8,supported
phage,ESM2,A1e,0.91379905,0.85,supported
phage,ESM2,A1f,0.91379905,0.85,supported
phage,ESM2,A1g,0.9116353,0.85,supported
phage,ESM2,A1h,0.8927921,0.8,supported
phage,ESM2,A1i,0.8637305,0.8,supported
phage,ESM2,A1j,0.8667506,0.8,supported
phage,ESM2,A1k,0.8712925,0.8,supported
phage,ESM2,A1l,0.87663054,0.8,supported
phage,ESM2,A1m,0.8703766,0.8,supported
phage,ESM2,A1n,0.8770326,0.8,supported
phage,ESM2,A1o,0.8722655,0.8,supported
phage,ESM2,A1p,0.8767544,0.8,supported
phage,ESM2,A1q,0.8942552,0.85,supported
phage,ESM2,A1r,0.8710277,0.8,supported
phage,ESM2,A2a_b,0.8801819,0.8,supported
phage,ESM2,A2a,0.8804506,0.8,supported
phage,ESM2,A2b,0.877514,0.8,supported
phage,ESM2,A3a,0.84502983,0.8,supported
phage,ESM2,A3b,0.8394289,0.8,supported
phage,ESM2,A3c,0.8476791,0.8,supported
phage,ESM2,A3d,0.8503233,0.8,supported
phage,ESM2,D7a,0.8040828,0.8,supported
phage,ESM2,D7b,0.8108818,0.8,supported
phage,ESM2,D7c,0.82801473,0.8,supported
phage,ESM2,M5a,0.88352066,0.8,supported
phage,ESM2,M5b,0.8854252,0.8,supported
phage,ESM2,M12a,0.95943093,0.9,supported
phage,ESM2,P4a,0.84484804,0.8,supported
phage,ESM2,P4b,0.83844686,0.8,supported
phage,ESM2,S6a,0.8074492,0.8,supported
phage,ESM2,S8a,0.7807969,0.75,supported
phage,ESM2,S8b,0.81024987,0.8,supported
phage,ESM2,S8c,0.8241376,0.8,supported
phage,ESM2,S9a,0.8248073,0.8,supported
phage,ESM2,S10a,0.8295759,0.8,supported
phage,ESM2,S11a,0.85117996,0.8,supported
phage,ESM2,S13a,0.7973829,0.8,supported
phage,ESM2,S13b,0.8474605,0.8,supported
phage,ESM2,S13c,0.80013263,0.8,supported
phage,ESM2,S13d,0.7894029,0.75,supported
phage,ESM2,S13e,0.7700129,0.75,supported
phage,ESM2,S13f,0.88562775,0.8,supported
phage,ESMC,A1a,0.8701127,0.85,supported
phage,ESMC,A1b,0.8617089,0.85,supported
phage,ESMC,A1c,0.8897401,0.85,supported
phage,ESMC,A1d,0.8788613,0.85,supported
phage,ESMC,A1e,0.90649647,0.85,supported
phage,ESMC,A1f,0.90649647,0.85,supported
phage,ESMC,A1g,0.7927228,0.8,supported
phage,ESMC,A1h,0.9078413,0.85,supported
phage,ESMC,A1i,0.9059893,0.85,supported
phage,ESMC,A1j,0.9023109,0.85,supported
phage,ESMC,A1k,0.86034185,0.85,supported
phage,ESMC,A1l,0.8381536,0.8,supported
phage,ESMC,A1m,0.86638594,0.85,supported
phage,ESMC,A1n,0.8741243,0.85,supported
phage,ESMC,A1o,0.8637284,0.85,supported
phage,ESMC,A1p,0.8860947,0.85,supported
phage,ESMC,A1q,0.8989669,0.85,supported
phage,ESMC,A1r,0.8644768,0.85,supported
phage,ESMC,A2a_b,0.91679233,0.9,supported
phage,ESMC,A2a,0.91718435,0.9,supported
phage,ESMC,A2b,0.9214097,0.9,supported
phage,ESMC,A3a,0.8717916,0.85,supported
phage,ESMC,A3b,0.9507957,0.9,supported
phage,ESMC,A3c,0.9617261,0.9,supported
phage,ESMC,A3d,0.963219,0.9,supported
phage,ESMC,D7a,0.9496779,0.9,supported
phage,ESMC,D7b,0.9289964,0.9,supported
phage,ESMC,D7c,0.9351822,0.9,supported
phage,ESMC,M5a,0.88206327,0.85,supported
phage,ESMC,M5b,0.92481077,0.9,supported
phage,ESMC,M12a,0.96120256,0.9,supported
phage,ESMC,P4a,0.92229044,0.9,supported
phage,ESMC,P4b,0.921183,0.9,supported
phage,ESMC,S6a,0.6793365,,no_support
phage,ESMC,S8a,0.6965119,0.75,supported
phage,ESMC,S8b,0.7753943,0.8,supported
phage,ESMC,S8c,0.67951196,,no_support
phage,ESMC,S9a,0.71800154,0.75,supported
phage,ESMC,S10a,0.9206636,0.9,supported
phage,ESMC,S11a,0.84969735,0.85,supported
phage,ESMC,S13a,0.9030018,0.85,supported
phage,ESMC,S13b,0.87408644,0.85,supported
phage,ESMC,S13c,0.90136516,0.85,supported
phage,ESMC,S13d,0.92602456,0.9,supported
phage,ESMC,S13e,0.8986459,0.85,supported
phage,ESMC,S13f,0.83981824,0.8,supported
phage,LucaOne,A1a,0.60543233,,no_support
phage,LucaOne,A1b,0.6050298,,no_support
phage,LucaOne,A1c,0.60554606,,no_support
phage,LucaOne,A1d,0.60547215,,no_support
phage,LucaOne,A1e,0.6053114,,no_support
phage,LucaOne,A1f,0.6053114,,no_support
phage,LucaOne,A1g,0.60599,,no_support
phage,LucaOne,A1h,0.6078744,,no_support
phage,LucaOne,A1i,0.6135881,,no_support
phage,LucaOne,A1j,0.6126826,,no_support
phage,LucaOne,A1k,0.60784155,,no_support
phage,LucaOne,A1l,0.6044199,,no_support
phage,LucaOne,A1m,0.60791886,,no_support
phage,LucaOne,A1n,0.607,,no_support
phage,LucaOne,A1o,0.60741264,,no_support
phage,LucaOne,A1p,0.6076836,,no_support
phage,LucaOne,A1q,0.6098168,,no_support
phage,LucaOne,A1r,0.60740405,,no_support
phage,LucaOne,A2a_b,0.6137842,,no_support
phage,LucaOne,A2a,0.6139893,,no_support
phage,LucaOne,A2b,0.61462206,,no_support
phage,LucaOne,A3a,0.6096544,,no_support
phage,LucaOne,A3b,0.61185396,,no_support
phage,LucaOne,A3c,0.6146201,,no_support
phage,LucaOne,A3d,0.6160283,,no_support
phage,LucaOne,D7a,0.6234493,0.75,supported
phage,LucaOne,D7b,0.63114345,0.75,supported
phage,LucaOne,D7c,0.6250146,0.75,supported
phage,LucaOne,M5a,0.6095275,,no_support
phage,LucaOne,M5b,0.60679805,,no_support
phage,LucaOne,M12a,0.5944235,,no_support
phage,LucaOne,P4a,0.61897784,,no_support
phage,LucaOne,P4b,0.6188718,,no_support
phage,LucaOne,S6a,0.61183095,,no_support
phage,LucaOne,S8a,0.6226902,0.75,supported
phage,LucaOne,S8b,0.6106196,,no_support
phage,LucaOne,S8c,0.61815035,,no_support
phage,LucaOne,S9a,0.60511386,,no_support
phage,LucaOne,S10a,0.6065935,,no_support
phage,LucaOne,S11a,0.61426497,,no_support
phage,LucaOne,S13a,0.62348104,0.75,supported
phage,LucaOne,S13b,0.61689645,,no_support
phage,LucaOne,S13c,0.6223227,0.75,supported
phage,LucaOne,S13d,0.61909586,,no_support
phage,LucaOne,S13e,0.6140696,,no_support
phage,LucaOne,S13f,0.6095553,,no_support
phage,BacFormer,A1a,0.66761124,0.75,supported
phage,BacFormer,A1b,0.7400526,0.8,supported
phage,BacFormer,A1c,0.6828998,0.75,supported
phage,BacFormer,A1d,0.8017373,0.85,supported
phage,BacFormer,A1e,0.67832625,0.75,supported
phage,BacFormer,A1f,0.67832625,0.75,supported
phage,BacFormer,A1g,0.78298736,0.8,supported
phage,BacFormer,A1h,0.8163529,0.85,supported
phage,BacFormer,A1i,0.837302,0.85,supported
phage,BacFormer,A1j,0.77535266,0.8,supported
phage,BacFormer,A1k,0.8000783,0.85,supported
phage,BacFormer,A1l,0.7671238,0.8,supported
phage,BacFormer,A1m,0.77210885,0.8,supported
phage,BacFormer,A1n,0.785791,0.85,supported
phage,BacFormer,A1o,0.77984166,0.8,supported
phage,BacFormer,A1p,0.78957796,0.85,supported
phage,BacFormer,A1q,0.70625126,0.8,supported
phage,BacFormer,A1r,0.7821925,0.8,supported
phage,BacFormer,A2a_b,0.71345526,0.8,supported
phage,BacFormer,A2a,0.7104558,0.8,supported
phage,BacFormer,A2b,0.71148825,0.8,supported
phage,BacFormer,A3a,0.6528233,0.75,supported
phage,BacFormer,A3b,0.7760944,0.8,supported
phage,BacFormer,A3c,0.85549283,0.9,supported
phage,BacFormer,A3d,0.87514144,0.9,supported
phage,BacFormer,D7a,0.68485546,0.75,supported
phage,BacFormer,D7b,0.889545,0.9,supported
phage,BacFormer,D7c,0.90309596,0.9,supported
phage,BacFormer,M5a,0.6571218,0.75,supported
phage,BacFormer,M5b,0.65505576,0.75,supported
phage,BacFormer,M12a,0.8899812,0.9,supported
phage,BacFormer,P4a,0.7821876,0.8,supported
phage,BacFormer,P4b,0.7924769,0.85,supported
phage,BacFormer,S6a,0.6324704,0.75,supported
phage,BacFormer,S8a,0.69351256,0.75,supported
phage,BacFormer,S8b,0.7334968,0.8,supported
phage,BacFormer,S8c,0.69033915,0.75,supported
phage,BacFormer,S9a,0.7566762,0.8,supported
phage,BacFormer,S10a,0.7751023,0.8,supported
phage,BacFormer,S11a,0.6569346,0.75,supported
phage,BacFormer,S13a,0.809807,0.85,supported
phage,BacFormer,S13b,0.7416266,0.8,supported
phage,BacFormer,S13c,0.8046157,0.85,supported
phage,BacFormer,S13d,0.8328515,0.85,supported
phage,BacFormer,S13e,0.7892538,0.85,supported
phage,BacFormer,S13f,0.73905337,0.8,supported
phage,AF3,A1a,0.8767525,0.85,supported
phage,AF3,A1b,0.8875954,0.85,supported
phage,AF3,A1c,0.83897305,0.8,supported
phage,AF3,A1d,0.8712065,0.85,supported
phage,AF3,A1e,0.85075283,0.8,supported
phage,AF3,A1f,0.85075283,0.8,supported
phage,AF3,A1g,0.88754165,0.85,supported
phage,AF3,A1h,0.87934476,0.85,supported
phage,AF3,A1i,0.8979555,0.85,supported
phage,AF3,A1j,0.8520926,0.8,supported
phage,AF3,A1k,0.840103,0.8,supported
phage,AF3,A1l,0.82346755,0.8,supported
phage,AF3,A1m,0.8352537,0.8,supported
phage,AF3,A1n,0.8512661,0.8,supported
phage,AF3,A1o,0.82793057,0.8,supported
phage,AF3,A1p,0.85623884,0.8,supported
phage,AF3,A1q,0.77314043,0.75,supported
phage,AF3,A1r,0.8237264,0.8,supported
phage,AF3,A2a_b,0.8248512,0.8,supported
phage,AF3,A2a,0.8358178,0.8,supported
phage,AF3,A2b,0.8407919,0.8,supported
phage,AF3,A3a,0.7457289,0.75,supported
phage,AF3,A3b,0.8663662,0.85,supported
phage,AF3,A3c,0.90597874,0.85,supported
phage,AF3,A3d,0.87241894,0.85,supported
phage,AF3,D7a,0.9420022,0.9,supported
phage,AF3,D7b,0.96068764,0.95,supported
phage,AF3,D7c,0.9638358,0.95,supported
phage,AF3,M5a,0.77457076,0.75,supported
phage,AF3,M5b,0.80452037,0.8,supported
phage,AF3,M12a,0.96434355,0.95,supported
phage,AF3,P4a,0.81662786,0.8,supported
phage,AF3,P4b,0.8093783,0.8,supported
phage,AF3,S6a,0.8037139,0.8,supported
phage,AF3,S8a,0.7349456,0.75,supported
phage,AF3,S8b,0.6815386,,no_support
phage,AF3,S8c,0.77024233,0.75,supported
phage,AF3,S9a,0.80442667,0.8,supported
phage,AF3,S10a,0.7758332,0.8,supported
phage,AF3,S11a,0.7469002,0.75,supported
phage,AF3,S13a,0.86103207,0.85,supported
phage,AF3,S13b,0.711527,,no_support
phage,AF3,S13c,0.8771628,0.85,supported
phage,AF3,S13d,0.7427746,0.75,supported
phage,AF3,S13e,0.67506707,,no_support
phage,AF3,S13f,0.8459891,0.8,supported
