query_host_id,phage_id,score,rank,selected_model,selected_quantile,selected_cv_auprc,selected_cv_hit10
IM001,RCIP0083,0.9999393224716187,1,BacFormer,0.99,0.7746667064364001,0.8512396812438965
IM001,RCIP0074,0.999933123588562,2,BacFormer,0.99,0.7746667064364001,0.8512396812438965
IM001,RCIP0064,0.9999241828918457,3,BacFormer,0.99,0.7746667064364001,0.8512396812438965
IM001,RCIP0098,0.9991965889930725,4,BacFormer,0.99,0.7746667064364001,0.8512396812438965
IM001,RCIP0034,0.9991775155067444,5,BacFormer,0.99,0.7746667064364001,0.8512396812438965
IM001,RCIP0058,0.9805846810340881,6,BacFormer,0.99,0.7746667064364001,0.8512396812438965
IM001,RCIP0028,0.6725254058837891,7,BacFormer,0.99,0.7746667064364001,0.8512396812438965
IM001,RCIP0104,0.2688583433628082,8,BacFormer,0.99,0.7746667064364001,0.8512396812438965
IM001,RCIP0108,0.12173156440258026,9,BacFormer,0.99,0.7746667064364001,0.8512396812438965
IM001,RCIP0023,0.023082472383975983,10,BacFormer,0.99,0.7746667064364001,0.8512396812438965
IM018,RCIP0099,0.977737545967102,1,AF3,0.9,0.740509189380174,0.8347107172012329
IM018,RCIP0091,0.7784461379051208,2,AF3,0.9,0.740509189380174,0.8347107172012329
IM018,RCIP0098,0.7710537314414978,3,AF3,0.9,0.740509189380174,0.8347107172012329
IM018,RCIP0104,0.6596073508262634,4,AF3,0.9,0.740509189380174,0.8347107172012329
IM018,RCIP0028,0.6224971413612366,5,AF3,0.9,0.740509189380174,0.8347107172012329
IM018,RCIP0110,0.4386746287345886,6,AF3,0.9,0.740509189380174,0.8347107172012329
IM018,RCIP0108,0.4064204692840576,7,AF3,0.9,0.740509189380174,0.8347107172012329
IM018,RCIP0023,0.4000363051891327,8,AF3,0.9,0.740509189380174,0.8347107172012329
IM018,RCIP0090,0.20330503582954407,9,AF3,0.9,0.740509189380174,0.8347107172012329
IM018,RCIP0106,0.1503092646598816,10,AF3,0.9,0.740509189380174,0.8347107172012329
IM043,RCIP0083,0.9999494552612305,1,BacFormer,0.99,0.7746667064364001,0.8512396812438965
IM043,RCIP0074,0.9999446868896484,2,BacFormer,0.99,0.7746667064364001,0.8512396812438965
IM043,RCIP0064,0.9999351501464844,3,BacFormer,0.99,0.7746667064364001,0.8512396812438965
IM043,RCIP0098,0.9992097616195679,4,BacFormer,0.99,0.7746667064364001,0.8512396812438965
IM043,RCIP0034,0.9991912245750427,5,BacFormer,0.99,0.7746667064364001,0.8512396812438965
IM043,RCIP0058,0.9795477390289307,6,BacFormer,0.99,0.7746667064364001,0.8512396812438965
IM043,RCIP0028,0.7041457891464233,7,BacFormer,0.99,0.7746667064364001,0.8512396812438965
IM043,RCIP0104,0.20364370942115784,8,BacFormer,0.99,0.7746667064364001,0.8512396812438965
IM043,RCIP0108,0.10731905698776245,9,BacFormer,0.99,0.7746667064364001,0.8512396812438965
IM043,RCIP0023,0.02904462441802025,10,BacFormer,0.99,0.7746667064364001,0.8512396812438965
IM061_1,RCIP0023,0.9999761581420898,1,BacFormer,0.995,0.7746843798413724,0.8595041036605835
IM061_1,RCIP0083,0.9999746084213257,2,BacFormer,0.995,0.7746843798413724,0.8595041036605835
IM061_1,RCIP0074,0.9999731779098511,3,BacFormer,0.995,0.7746843798413724,0.8595041036605835
IM061_1,RCIP0064,0.9999566078186035,4,BacFormer,0.995,0.7746843798413724,0.8595041036605835
IM061_1,RCIP0028,0.9998363256454468,5,BacFormer,0.995,0.7746843798413724,0.8595041036605835
IM061_1,RCIP0098,0.9976606369018555,6,BacFormer,0.995,0.7746843798413724,0.8595041036605835
IM061_1,RCIP0034,0.9973263740539551,7,BacFormer,0.995,0.7746843798413724,0.8595041036605835
IM061_1,RCIP0058,0.8867024779319763,8,BacFormer,0.995,0.7746843798413724,0.8595041036605835
IM061_1,RCIP0104,0.04513605311512947,9,BacFormer,0.995,0.7746843798413724,0.8595041036605835
IM061_1,RCIP0108,0.002083215629681945,10,BacFormer,0.995,0.7746843798413724,0.8595041036605835
IM066,RCIP0023,0.9850388765335083,1,AF3,0.9,0.740509189380174,0.8347107172012329
IM066,RCIP0064,0.4476211369037628,2,AF3,0.9,0.740509189380174,0.8347107172012329
IM066,RCIP0083,0.3869076371192932,3,AF3,0.9,0.740509189380174,0.8347107172012329
IM066,RCIP0074,0.07457824796438217,4,AF3,0.9,0.740509189380174,0.8347107172012329
IM066,RCIP0014,4.0905476339503366e-07,5,AF3,0.9,0.740509189380174,0.8347107172012329
IM066,RCIP0082,2.8058639145456254e-07,6,AF3,0.9,0.740509189380174,0.8347107172012329
IM066,RCIP0099,5.763059007790616e-08,7,AF3,0.9,0.740509189380174,0.8347107172012329
IM066,RCIP0004,3.624455757744727e-08,8,AF3,0.9,0.740509189380174,0.8347107172012329
IM066,RCIP0028,2.7663487500717565e-08,9,AF3,0.9,0.740509189380174,0.8347107172012329
IM066,RCIP0098,2.50631941867141e-08,10,AF3,0.9,0.740509189380174,0.8347107172012329
IM074,RCIP0023,0.9854722619056702,1,AF3,0.9,0.740509189380174,0.8347107172012329
IM074,RCIP0064,0.5090909600257874,2,AF3,0.9,0.740509189380174,0.8347107172012329
IM074,RCIP0083,0.44880688190460205,3,AF3,0.9,0.740509189380174,0.8347107172012329
IM074,RCIP0074,0.09308416396379471,4,AF3,0.9,0.740509189380174,0.8347107172012329
IM074,RCIP0014,6.041441906745604e-07,5,AF3,0.9,0.740509189380174,0.8347107172012329
IM074,RCIP0082,4.144002900829946e-07,6,AF3,0.9,0.740509189380174,0.8347107172012329
IM074,RCIP0099,6.803584540193697e-08,7,AF3,0.9,0.740509189380174,0.8347107172012329
IM074,RCIP0098,3.856910524291379e-08,8,AF3,0.9,0.740509189380174,0.8347107172012329
IM074,RCIP0028,3.723139485600768e-08,9,AF3,0.9,0.740509189380174,0.8347107172012329
IM074,RCIP0004,3.5333716397190074e-08,10,AF3,0.9,0.740509189380174,0.8347107172012329
IM085,RCIP0023,0.9603455662727356,1,AF3,0.9,0.740509189380174,0.8347107172012329
IM085,RCIP0083,0.28367701172828674,2,AF3,0.9,0.740509189380174,0.8347107172012329
IM085,RCIP0064,0.20532013475894928,3,AF3,0.9,0.740509189380174,0.8347107172012329
IM085,RCIP0074,0.05500315502285957,4,AF3,0.9,0.740509189380174,0.8347107172012329
IM085,RCIP0099,1.981750756385736e-06,5,AF3,0.9,0.740509189380174,0.8347107172012329
IM085,RCIP0014,1.6577649830651353e-06,6,AF3,0.9,0.740509189380174,0.8347107172012329
IM085,RCIP0082,1.0557812402112177e-06,7,AF3,0.9,0.740509189380174,0.8347107172012329
IM085,RCIP0028,9.905121487463475e-07,8,AF3,0.9,0.740509189380174,0.8347107172012329
IM085,RCIP0098,2.446158475777338e-07,9,AF3,0.9,0.740509189380174,0.8347107172012329
IM085,RCIP0089,1.0307403641718338e-07,10,AF3,0.9,0.740509189380174,0.8347107172012329
IM088,RCIP0023,0.9932623505592346,1,AF3,0.9,0.740509189380174,0.8347107172012329
IM088,RCIP0064,0.15930011868476868,2,AF3,0.9,0.740509189380174,0.8347107172012329
IM088,RCIP0083,0.14302758872509003,3,AF3,0.9,0.740509189380174,0.8347107172012329
IM088,RCIP0074,0.016932770609855652,4,AF3,0.9,0.740509189380174,0.8347107172012329
IM088,RCIP0089,4.271809572742313e-08,5,AF3,0.9,0.740509189380174,0.8347107172012329
IM088,RCIP0004,3.64746632897095e-08,6,AF3,0.9,0.740509189380174,0.8347107172012329
IM088,RCIP0098,3.393521197381233e-08,7,AF3,0.9,0.740509189380174,0.8347107172012329
IM088,RCIP0099,1.9026456854476237e-08,8,AF3,0.9,0.740509189380174,0.8347107172012329
IM088,RCIP0014,1.2910881252992112e-08,9,AF3,0.9,0.740509189380174,0.8347107172012329
IM088,RCIP0082,1.1378457287491983e-08,10,AF3,0.9,0.740509189380174,0.8347107172012329
IM094,RCIP0023,0.9932623505592346,1,AF3,0.9,0.740509189380174,0.8347107172012329
IM094,RCIP0064,0.15929897129535675,2,AF3,0.9,0.740509189380174,0.8347107172012329
IM094,RCIP0083,0.14302654564380646,3,AF3,0.9,0.740509189380174,0.8347107172012329
IM094,RCIP0074,0.01693262718617916,4,AF3,0.9,0.740509189380174,0.8347107172012329
IM094,RCIP0089,4.271809572742313e-08,5,AF3,0.9,0.740509189380174,0.8347107172012329
IM094,RCIP0004,3.647445367960245e-08,6,AF3,0.9,0.740509189380174,0.8347107172012329
IM094,RCIP0098,3.393540737306466e-08,7,AF3,0.9,0.740509189380174,0.8347107172012329
IM094,RCIP0099,1.902656698860028e-08,8,AF3,0.9,0.740509189380174,0.8347107172012329
IM094,RCIP0014,1.291097806443986e-08,9,AF3,0.9,0.740509189380174,0.8347107172012329
IM094,RCIP0082,1.1378523012695041e-08,10,AF3,0.9,0.740509189380174,0.8347107172012329
IM_023,RCIP0023,0.9999761581420898,1,BacFormer,0.995,0.7746843798413724,0.8595041036605835
IM_023,RCIP0083,0.9999746084213257,2,BacFormer,0.995,0.7746843798413724,0.8595041036605835
IM_023,RCIP0074,0.9999731779098511,3,BacFormer,0.995,0.7746843798413724,0.8595041036605835
IM_023,RCIP0064,0.9999566078186035,4,BacFormer,0.995,0.7746843798413724,0.8595041036605835
IM_023,RCIP0028,0.9998363256454468,5,BacFormer,0.995,0.7746843798413724,0.8595041036605835
IM_023,RCIP0098,0.9976606369018555,6,BacFormer,0.995,0.7746843798413724,0.8595041036605835
IM_023,RCIP0034,0.9973263740539551,7,BacFormer,0.995,0.7746843798413724,0.8595041036605835
IM_023,RCIP0058,0.8867024779319763,8,BacFormer,0.995,0.7746843798413724,0.8595041036605835
IM_023,RCIP0104,0.045136068016290665,9,BacFormer,0.995,0.7746843798413724,0.8595041036605835
IM_023,RCIP0108,0.0020832165610045195,10,BacFormer,0.995,0.7746843798413724,0.8595041036605835
NK06130,RCIP0069,0.999998927116394,1,BacFormer,0.999,0.7699061257830082,0.8264462947845459
NK06130,RCIP0085,0.9999942779541016,2,BacFormer,0.999,0.7699061257830082,0.8264462947845459
NK06130,RCIP0067,0.9999936819076538,3,BacFormer,0.999,0.7699061257830082,0.8264462947845459
NK06130,RCIP0111,0.9999840259552002,4,BacFormer,0.999,0.7699061257830082,0.8264462947845459
NK06130,RCIP0112,0.9999797344207764,5,BacFormer,0.999,0.7699061257830082,0.8264462947845459
NK06130,RCIP0082,0.9999616146087646,6,BacFormer,0.999,0.7699061257830082,0.8264462947845459
NK06130,RCIP0004,0.9999340772628784,7,BacFormer,0.999,0.7699061257830082,0.8264462947845459
NK06130,RCIP0014,0.99992835521698,8,BacFormer,0.999,0.7699061257830082,0.8264462947845459
NK06130,RCIP0106,0.9998711347579956,9,BacFormer,0.999,0.7699061257830082,0.8264462947845459
NK06130,RCIP0091,0.9998291730880737,10,BacFormer,0.999,0.7699061257830082,0.8264462947845459
NK06145,RCIP0069,0.999998927116394,1,BacFormer,0.999,0.7699061257830082,0.8264462947845459
NK06145,RCIP0085,0.9999942779541016,2,BacFormer,0.999,0.7699061257830082,0.8264462947845459
NK06145,RCIP0067,0.9999936819076538,3,BacFormer,0.999,0.7699061257830082,0.8264462947845459
NK06145,RCIP0111,0.9999840259552002,4,BacFormer,0.999,0.7699061257830082,0.8264462947845459
NK06145,RCIP0112,0.9999797344207764,5,BacFormer,0.999,0.7699061257830082,0.8264462947845459
NK06145,RCIP0082,0.9999616146087646,6,BacFormer,0.999,0.7699061257830082,0.8264462947845459
NK06145,RCIP0004,0.9999340772628784,7,BacFormer,0.999,0.7699061257830082,0.8264462947845459
NK06145,RCIP0014,0.99992835521698,8,BacFormer,0.999,0.7699061257830082,0.8264462947845459
NK06145,RCIP0106,0.9998711347579956,9,BacFormer,0.999,0.7699061257830082,0.8264462947845459
NK06145,RCIP0091,0.9998291730880737,10,BacFormer,0.999,0.7699061257830082,0.8264462947845459
NK06248,RCIP0069,0.9999992847442627,1,BacFormer,0.99,0.7746667064364001,0.8512396812438965
NK06248,RCIP0067,0.9999961853027344,2,BacFormer,0.99,0.7746667064364001,0.8512396812438965
NK06248,RCIP0085,0.9999945163726807,3,BacFormer,0.99,0.7746667064364001,0.8512396812438965
NK06248,RCIP0111,0.9999878406524658,4,BacFormer,0.99,0.7746667064364001,0.8512396812438965
NK06248,RCIP0112,0.9999845027923584,5,BacFormer,0.99,0.7746667064364001,0.8512396812438965
NK06248,RCIP0082,0.9999759197235107,6,BacFormer,0.99,0.7746667064364001,0.8512396812438965
NK06248,RCIP0014,0.9999531507492065,7,BacFormer,0.99,0.7746667064364001,0.8512396812438965
NK06248,RCIP0004,0.9999406337738037,8,BacFormer,0.99,0.7746667064364001,0.8512396812438965
NK06248,RCIP0106,0.9999096393585205,9,BacFormer,0.99,0.7746667064364001,0.8512396812438965
NK06248,RCIP0091,0.9998373985290527,10,BacFormer,0.99,0.7746667064364001,0.8512396812438965
NK08119,RCIP0069,0.999998927116394,1,BacFormer,0.999,0.7699061257830082,0.8264462947845459
NK08119,RCIP0085,0.9999942779541016,2,BacFormer,0.999,0.7699061257830082,0.8264462947845459
NK08119,RCIP0067,0.9999936819076538,3,BacFormer,0.999,0.7699061257830082,0.8264462947845459
NK08119,RCIP0111,0.9999840259552002,4,BacFormer,0.999,0.7699061257830082,0.8264462947845459
NK08119,RCIP0112,0.9999797344207764,5,BacFormer,0.999,0.7699061257830082,0.8264462947845459
NK08119,RCIP0082,0.9999616146087646,6,BacFormer,0.999,0.7699061257830082,0.8264462947845459
NK08119,RCIP0004,0.9999340772628784,7,BacFormer,0.999,0.7699061257830082,0.8264462947845459
NK08119,RCIP0014,0.99992835521698,8,BacFormer,0.999,0.7699061257830082,0.8264462947845459
NK08119,RCIP0106,0.9998711347579956,9,BacFormer,0.999,0.7699061257830082,0.8264462947845459
NK08119,RCIP0091,0.9998291730880737,10,BacFormer,0.999,0.7699061257830082,0.8264462947845459
NK08370,RCIP0099,0.9999971389770508,1,AF3,0.9,0.740509189380174,0.8347107172012329
NK08370,RCIP0069,0.9999964237213135,2,AF3,0.9,0.740509189380174,0.8347107172012329
NK08370,RCIP0112,0.9999898672103882,3,AF3,0.9,0.740509189380174,0.8347107172012329
NK08370,RCIP0113,0.999988317489624,4,AF3,0.9,0.740509189380174,0.8347107172012329
NK08370,RCIP0106,0.9999874830245972,5,AF3,0.9,0.740509189380174,0.8347107172012329
NK08370,RCIP0111,0.9999854564666748,6,AF3,0.9,0.740509189380174,0.8347107172012329
NK08370,RCIP0089,0.9999849796295166,7,AF3,0.9,0.740509189380174,0.8347107172012329
NK08370,RCIP0104,0.9999842643737793,8,AF3,0.9,0.740509189380174,0.8347107172012329
NK08370,RCIP0090,0.9999805688858032,9,AF3,0.9,0.740509189380174,0.8347107172012329
NK08370,RCIP0109,0.9999794960021973,10,AF3,0.9,0.740509189380174,0.8347107172012329
