host_id,selected_model,selected_quantile,selected_cv_auprc,selected_cv_hit10
IM001,BacFormer,0.99,0.7746667064364001,0.8512396812438965
IM018,AF3,0.9,0.740509189380174,0.8347107172012329
IM043,BacFormer,0.99,0.7746667064364001,0.8512396812438965
IM061_1,BacFormer,0.995,0.7746843798413724,0.8595041036605835
IM066,AF3,0.9,0.740509189380174,0.8347107172012329
IM074,AF3,0.9,0.740509189380174,0.8347107172012329
IM085,AF3,0.9,0.740509189380174,0.8347107172012329
IM088,AF3,0.9,0.740509189380174,0.8347107172012329
IM094,AF3,0.9,0.740509189380174,0.8347107172012329
IM_023,BacFormer,0.995,0.7746843798413724,0.8595041036605835
NK06130,BacFormer,0.999,0.7699061257830082,0.8264462947845459
NK06145,BacFormer,0.999,0.7699061257830082,0.8264462947845459
NK06248,BacFormer,0.99,0.7746667064364001,0.8512396812438965
NK08119,BacFormer,0.999,0.7699061257830082,0.8264462947845459
NK08370,AF3,0.9,0.740509189380174,0.8347107172012329
