model,quantile,threshold,precision,recall,f1,n_labels,n_positives
ESM2,0.999,0.9634271264076233,0.7590936195587359,0.7072222222222222,0.7322404371579705,8954,1800
ESM2,0.995,0.9592980742454529,0.7413692217671153,0.7038888888888889,0.7221430607005546,8954,1800
ESM2,0.99,0.9013123512268066,0.7064935064935065,0.7555555555555555,0.7302013422813798,8954,1800
ESM2,0.95,0.8867120146751404,0.6848086124401914,0.6361111111111111,0.6595622119810676,8954,1800
ESM2,0.9,0.24716797471046448,0.4979253112033195,0.6,0.5442176870743342,8954,1800
ESM2,0.85,0.31682175397872925,0.4954869358669834,0.5794444444444444,0.5341869398202457,8954,1800
ESM2,0.8,0.5888400077819824,0.5862457722660653,0.5777777777777777,0.5819809736984367,8954,1800
ESM2,0.75,0.23625792562961578,0.5116632860040567,0.5605555555555556,0.5349946977725657,8954,1800
ESMC,0.999,0.9206761121749878,0.7737268518518519,0.7427777777777778,0.7579365079360081,8954,1800
ESMC,0.995,0.8687053322792053,0.7283116883116884,0.7788888888888889,0.7527516778518496,8954,1800
ESMC,0.99,0.9520889520645142,0.772294887039239,0.7216666666666667,0.7461229178627975,8954,1800
ESMC,0.95,0.8992019295692444,0.7083333333333334,0.6894444444444444,0.6987612612607613,8954,1800
ESMC,0.9,0.799489438533783,0.6811974789915967,0.7205555555555555,0.7003239740815739,8954,1800
ESMC,0.85,0.7555520534515381,0.5572390572390572,0.5516666666666666,0.5544388609710242,8954,1800
ESMC,0.8,0.49260997772216797,0.6223003515821195,0.6883333333333334,0.653653389606465,8954,1800
ESMC,0.75,0.7340574860572815,0.6377040547656662,0.6727777777777778,0.6547715598805492,8954,1800
LucaOne,0.999,0.9173984527587891,0.7640765765765766,0.7538888888888889,0.7589485458607975,8954,1800
LucaOne,0.995,0.8981460928916931,0.7592695074709463,0.7622222222222222,0.7607429997222611,8954,1800
LucaOne,0.99,0.9402607679367065,0.7781669585522475,0.7405555555555555,0.7588955308847836,8954,1800
LucaOne,0.95,0.8299045562744141,0.6965317919075145,0.6694444444444444,0.6827195467417098,8954,1800
LucaOne,0.9,0.7547533512115479,0.6895087932080048,0.6316666666666667,0.6593215424755811,8954,1800
LucaOne,0.85,0.7363859415054321,0.6974386339381003,0.7261111111111112,0.7114861186712476,8954,1800
LucaOne,0.8,0.7514639496803284,0.6215277777777778,0.3977777777777778,0.48509485094803356,8954,1800
LucaOne,0.75,2.7448859327705577e-05,0.24181452350466434,0.7344444444444445,0.36383652126011995,8954,1800
BacFormer,0.999,0.9272315502166748,0.7439504783342712,0.7344444444444445,0.7391668996360669,8954,1800
BacFormer,0.995,0.9448267221450806,0.7573317998849913,0.7316666666666667,0.7442780446448801,8954,1800
BacFormer,0.99,0.9135236144065857,0.7433628318584071,0.7466666666666667,0.7450110864740009,8954,1800
BacFormer,0.95,0.6189931035041809,0.6503604531410917,0.7016666666666667,0.6750400855152676,8954,1800
BacFormer,0.9,0.16537471115589142,0.5013850415512465,0.5027777777777778,0.5020804438275167,8954,1800
BacFormer,0.85,0.9116605520248413,0.7257939581719597,0.5205555555555555,0.6062762859911021,8954,1800
BacFormer,0.8,0.86265629529953,0.6939983093829247,0.45611111111111113,0.5504525645318713,8954,1800
BacFormer,0.75,0.7810171246528625,0.5938189845474614,0.4483333333333333,0.5109211775873539,8954,1800
AF3,0.999,0.9324472546577454,0.7519251925192519,0.7594444444444445,0.7556661138745692,8954,1800
AF3,0.995,0.9542860984802246,0.7804590935844614,0.7366666666666667,0.7579308373816096,8954,1800
AF3,0.99,0.9357052445411682,0.7431192660550459,0.765,0.7539009033665957,8954,1800
AF3,0.95,0.8473591208457947,0.68690275435638,0.6788888888888889,0.6828723107008132,8954,1800
AF3,0.9,0.8639899492263794,0.7007376185458377,0.7388888888888889,0.719307733909722,8954,1800
AF3,0.85,0.854911744594574,0.7253731343283583,0.675,0.699280575539069,8954,1800
AF3,0.8,0.9260454773902893,0.7457627118644068,0.6844444444444444,0.7137891077631161,8954,1800
AF3,0.75,0.8047888278961182,0.7024586051179127,0.7777777777777778,0.7382019509618002,8954,1800
