query_host_id,phage_id,score,rank,fixed_model,fixed_quantile
IM001,RCIP0074,0.9993140697479248,1,ESM2,0.99
IM001,RCIP0023,0.9992572665214539,2,ESM2,0.99
IM001,RCIP0083,0.9992502331733704,3,ESM2,0.99
IM001,RCIP0064,0.9990969896316528,4,ESM2,0.99
IM001,RCIP0028,0.9987789988517761,5,ESM2,0.99
IM001,RCIP0098,0.9955936074256897,6,ESM2,0.99
IM001,RCIP0034,0.9953579306602478,7,ESM2,0.99
IM001,RCIP0058,0.8581321239471436,8,ESM2,0.99
IM001,RCIP0104,0.11910966783761978,9,ESM2,0.99
IM001,RCIP0106,0.0001259717100765556,10,ESM2,0.99
IM001,RCIP0085,3.4241802495671436e-05,11,ESM2,0.99
IM001,RCIP0108,2.3086355213308707e-05,12,ESM2,0.99
IM001,RCIP0004,1.0542233212618157e-05,13,ESM2,0.99
IM001,RCIP0067,3.5174161894246936e-06,14,ESM2,0.99
IM001,RCIP0014,3.0786618481215555e-06,15,ESM2,0.99
IM001,RCIP0111,1.258562861039536e-06,16,ESM2,0.99
IM001,RCIP0099,1.0999964388247463e-06,17,ESM2,0.99
IM001,RCIP0112,1.0084687573908013e-06,18,ESM2,0.99
IM001,RCIP0082,4.1913716586350347e-07,19,ESM2,0.99
IM001,RCIP0109,4.0561337755207205e-07,20,ESM2,0.99
IM001,RCIP0090,3.603326490519976e-07,21,ESM2,0.99
IM001,RCIP0110,2.074365426096847e-07,22,ESM2,0.99
IM001,RCIP0063,1.3721262348553864e-07,23,ESM2,0.99
IM001,RCIP0113,5.435600414216424e-08,24,ESM2,0.99
IM001,RCIP0089,4.57941702336484e-08,25,ESM2,0.99
IM001,RCIP0091,3.653329017083706e-08,26,ESM2,0.99
IM001,RCIP0069,1.0114285409201784e-08,27,ESM2,0.99
IM018,RCIP0023,0.9995312690734863,1,ESM2,0.9
IM018,RCIP0090,0.00028669415041804314,2,ESM2,0.9
IM018,RCIP0110,0.00017307844245806336,3,ESM2,0.9
IM018,RCIP0083,3.038951945200097e-06,4,ESM2,0.9
IM018,RCIP0028,2.6916907245322363e-06,5,ESM2,0.9
IM018,RCIP0106,2.4714108803891577e-06,6,ESM2,0.9
IM018,RCIP0074,1.142105134022131e-06,7,ESM2,0.9
IM018,RCIP0113,7.585104526697251e-07,8,ESM2,0.9
IM018,RCIP0082,6.113397148510558e-07,9,ESM2,0.9
IM018,RCIP0099,3.2774696023807337e-07,10,ESM2,0.9
IM018,RCIP0004,3.258259653193818e-07,11,ESM2,0.9
IM018,RCIP0104,2.53787192150412e-07,12,ESM2,0.9
IM018,RCIP0064,1.9043565657739236e-07,13,ESM2,0.9
IM018,RCIP0089,1.6842020045260142e-07,14,ESM2,0.9
IM018,RCIP0014,7.826607628658167e-08,15,ESM2,0.9
IM018,RCIP0091,1.9808247486707842e-08,16,ESM2,0.9
IM018,RCIP0109,1.5551052001683274e-08,17,ESM2,0.9
IM018,RCIP0098,6.487641091013074e-09,18,ESM2,0.9
IM018,RCIP0034,6.07169425848042e-09,19,ESM2,0.9
IM018,RCIP0111,4.593009084175037e-09,20,ESM2,0.9
IM018,RCIP0067,4.4521639708250405e-09,21,ESM2,0.9
IM018,RCIP0112,2.5861928154569114e-09,22,ESM2,0.9
IM018,RCIP0085,1.7851274902724867e-09,23,ESM2,0.9
IM018,RCIP0063,1.243899760972056e-09,24,ESM2,0.9
IM018,RCIP0069,1.2677194016763593e-10,25,ESM2,0.9
IM018,RCIP0058,6.597332402602518e-11,26,ESM2,0.9
IM018,RCIP0108,6.233839833225119e-11,27,ESM2,0.9
IM043,RCIP0074,0.9993138313293457,1,ESM2,0.99
IM043,RCIP0083,0.9992485642433167,2,ESM2,0.99
IM043,RCIP0023,0.9992367029190063,3,ESM2,0.99
IM043,RCIP0064,0.9990965127944946,4,ESM2,0.99
IM043,RCIP0028,0.9988332390785217,5,ESM2,0.99
IM043,RCIP0098,0.9956557750701904,6,ESM2,0.99
IM043,RCIP0034,0.9954264760017395,7,ESM2,0.99
IM043,RCIP0058,0.8619750738143921,8,ESM2,0.99
IM043,RCIP0104,0.13604171574115753,9,ESM2,0.99
IM043,RCIP0106,0.00015543997869826853,10,ESM2,0.99
IM043,RCIP0085,3.582626595743932e-05,11,ESM2,0.99
IM043,RCIP0108,2.52618920058012e-05,12,ESM2,0.99
IM043,RCIP0004,1.0955076504615135e-05,13,ESM2,0.99
IM043,RCIP0067,3.6064209325559204e-06,14,ESM2,0.99
IM043,RCIP0014,2.9459788493113592e-06,15,ESM2,0.99
IM043,RCIP0099,1.3320469633981702e-06,16,ESM2,0.99
IM043,RCIP0111,1.2966662552571506e-06,17,ESM2,0.99
IM043,RCIP0112,1.0342395171392127e-06,18,ESM2,0.99
IM043,RCIP0109,5.16749480539147e-07,19,ESM2,0.99
IM043,RCIP0090,4.251971290614165e-07,20,ESM2,0.99
IM043,RCIP0082,3.9984584532248846e-07,21,ESM2,0.99
IM043,RCIP0110,2.466540820478258e-07,22,ESM2,0.99
IM043,RCIP0063,1.5280541276752047e-07,23,ESM2,0.99
IM043,RCIP0113,5.560819715810794e-08,24,ESM2,0.99
IM043,RCIP0089,5.4931522441847846e-08,25,ESM2,0.99
IM043,RCIP0091,4.329556801963008e-08,26,ESM2,0.99
IM043,RCIP0069,1.1007805333917986e-08,27,ESM2,0.99
IM061_1,RCIP0023,0.9992461204528809,1,ESM2,0.995
IM061_1,RCIP0074,0.9992173910140991,2,ESM2,0.995
IM061_1,RCIP0083,0.9991737008094788,3,ESM2,0.995
IM061_1,RCIP0064,0.9989824891090393,4,ESM2,0.995
IM061_1,RCIP0028,0.9987326264381409,5,ESM2,0.995
IM061_1,RCIP0098,0.9956134557723999,6,ESM2,0.995
IM061_1,RCIP0034,0.9953899383544922,7,ESM2,0.995
IM061_1,RCIP0058,0.8632215857505798,8,ESM2,0.995
IM061_1,RCIP0104,0.13279420137405396,9,ESM2,0.995
IM061_1,RCIP0106,0.0002111297071678564,10,ESM2,0.995
IM061_1,RCIP0108,6.17417972534895e-05,11,ESM2,0.995
IM061_1,RCIP0085,2.053733987850137e-05,12,ESM2,0.995
IM061_1,RCIP0004,7.181588898674818e-06,13,ESM2,0.995
IM061_1,RCIP0014,2.3237623736349633e-06,14,ESM2,0.995
IM061_1,RCIP0067,1.9318010799906915e-06,15,ESM2,0.995
IM061_1,RCIP0099,1.2677141967287753e-06,16,ESM2,0.995
IM061_1,RCIP0111,1.005525291475351e-06,17,ESM2,0.995
IM061_1,RCIP0112,9.593253480488784e-07,18,ESM2,0.995
IM061_1,RCIP0090,4.253350311955728e-07,19,ESM2,0.995
IM061_1,RCIP0109,3.4548079952401167e-07,20,ESM2,0.995
IM061_1,RCIP0063,3.3070173799387703e-07,21,ESM2,0.995
IM061_1,RCIP0110,3.158390313728887e-07,22,ESM2,0.995
IM061_1,RCIP0082,2.430406880193914e-07,23,ESM2,0.995
IM061_1,RCIP0091,1.3575004231825005e-07,24,ESM2,0.995
IM061_1,RCIP0089,6.320276924043355e-08,25,ESM2,0.995
IM061_1,RCIP0113,4.575069212364724e-08,26,ESM2,0.995
IM061_1,RCIP0069,3.6277048032218318e-09,27,ESM2,0.995
IM066,RCIP0023,0.9999480247497559,1,ESM2,0.9
IM066,RCIP0083,0.9652324318885803,2,ESM2,0.9
IM066,RCIP0074,0.8647446632385254,3,ESM2,0.9
IM066,RCIP0064,0.5654229521751404,4,ESM2,0.9
IM066,RCIP0111,6.192482032929547e-06,5,ESM2,0.9
IM066,RCIP0082,5.929705366725102e-06,6,ESM2,0.9
IM066,RCIP0090,4.117014213989023e-06,7,ESM2,0.9
IM066,RCIP0004,3.918933998647844e-06,8,ESM2,0.9
IM066,RCIP0112,2.05000606001704e-06,9,ESM2,0.9
IM066,RCIP0014,1.5982486729626544e-06,10,ESM2,0.9
IM066,RCIP0028,1.008341882879904e-06,11,ESM2,0.9
IM066,RCIP0113,8.383023555325053e-07,12,ESM2,0.9
IM066,RCIP0110,3.886231354499614e-07,13,ESM2,0.9
IM066,RCIP0067,2.577409219384208e-08,14,ESM2,0.9
IM066,RCIP0085,1.805529503684511e-09,15,ESM2,0.9
IM066,RCIP0069,1.4685010985004965e-09,16,ESM2,0.9
IM066,RCIP0104,4.969237243912517e-10,17,ESM2,0.9
IM066,RCIP0106,3.5018013488929967e-10,18,ESM2,0.9
IM066,RCIP0099,1.311290798167164e-10,19,ESM2,0.9
IM066,RCIP0034,1.2392410708716994e-10,20,ESM2,0.9
IM066,RCIP0098,1.1694915869053801e-10,21,ESM2,0.9
IM066,RCIP0089,4.11953839096757e-11,22,ESM2,0.9
IM066,RCIP0109,1.6446540310188773e-11,23,ESM2,0.9
IM066,RCIP0058,3.508382603531479e-12,24,ESM2,0.9
IM066,RCIP0063,6.818872181311997e-13,25,ESM2,0.9
IM066,RCIP0091,6.360823326390097e-13,26,ESM2,0.9
IM066,RCIP0108,5.3654682015706265e-14,27,ESM2,0.9
IM074,RCIP0023,0.9999011754989624,1,ESM2,0.9
IM074,RCIP0083,0.9553203582763672,2,ESM2,0.9
IM074,RCIP0074,0.8309037089347839,3,ESM2,0.9
IM074,RCIP0064,0.5120083689689636,4,ESM2,0.9
IM074,RCIP0082,3.656986564237741e-06,5,ESM2,0.9
IM074,RCIP0111,3.11760004478856e-06,6,ESM2,0.9
IM074,RCIP0090,2.412282810837496e-06,7,ESM2,0.9
IM074,RCIP0014,1.1335577028148691e-06,8,ESM2,0.9
IM074,RCIP0004,1.1276878240096266e-06,9,ESM2,0.9
IM074,RCIP0112,1.0344228940084577e-06,10,ESM2,0.9
IM074,RCIP0028,5.060085754848842e-07,11,ESM2,0.9
IM074,RCIP0113,2.3953114691721566e-07,12,ESM2,0.9
IM074,RCIP0110,1.8855297412301297e-07,13,ESM2,0.9
IM074,RCIP0067,8.107424953607278e-09,14,ESM2,0.9
IM074,RCIP0085,6.677867148141559e-10,15,ESM2,0.9
IM074,RCIP0104,4.578601109361813e-10,16,ESM2,0.9
IM074,RCIP0069,4.40555786296315e-10,17,ESM2,0.9
IM074,RCIP0106,3.815005811258487e-10,18,ESM2,0.9
IM074,RCIP0034,1.2496373380521675e-10,19,ESM2,0.9
IM074,RCIP0098,1.173041525026619e-10,20,ESM2,0.9
IM074,RCIP0099,5.7811165576904244e-11,21,ESM2,0.9
IM074,RCIP0089,2.0830902974777743e-11,22,ESM2,0.9
IM074,RCIP0109,7.513850652784981e-12,23,ESM2,0.9
IM074,RCIP0058,3.52074424302129e-12,24,ESM2,0.9
IM074,RCIP0063,4.557196091846405e-13,25,ESM2,0.9
IM074,RCIP0091,3.6147604007275014e-13,26,ESM2,0.9
IM074,RCIP0108,4.0652136740421466e-14,27,ESM2,0.9
IM085,RCIP0023,0.9999309778213501,1,ESM2,0.9
IM085,RCIP0083,0.9729118943214417,2,ESM2,0.9
IM085,RCIP0074,0.8930401802062988,3,ESM2,0.9
IM085,RCIP0064,0.6466687917709351,4,ESM2,0.9
IM085,RCIP0090,9.741093890625052e-06,5,ESM2,0.9
IM085,RCIP0082,8.568821613152977e-06,6,ESM2,0.9
IM085,RCIP0111,6.990571819187608e-06,7,ESM2,0.9
IM085,RCIP0004,5.90423951507546e-06,8,ESM2,0.9
IM085,RCIP0112,2.3066927496984135e-06,9,ESM2,0.9
IM085,RCIP0028,2.3029585918266093e-06,10,ESM2,0.9
IM085,RCIP0014,1.8406869912723778e-06,11,ESM2,0.9
IM085,RCIP0110,1.021374600895797e-06,12,ESM2,0.9
IM085,RCIP0113,7.435536986122315e-07,13,ESM2,0.9
IM085,RCIP0067,4.178986401370821e-08,14,ESM2,0.9
IM085,RCIP0069,3.996965425301369e-09,15,ESM2,0.9
IM085,RCIP0085,3.1037865610983317e-09,16,ESM2,0.9
IM085,RCIP0106,9.001215883763791e-10,17,ESM2,0.9
IM085,RCIP0104,8.207574064833523e-10,18,ESM2,0.9
IM085,RCIP0099,3.6975386641380226e-10,19,ESM2,0.9
IM085,RCIP0089,1.1272834748998761e-10,20,ESM2,0.9
IM085,RCIP0034,6.357603332673989e-11,21,ESM2,0.9
IM085,RCIP0098,6.060742185898249e-11,22,ESM2,0.9
IM085,RCIP0109,5.974272465625319e-11,23,ESM2,0.9
IM085,RCIP0058,4.281654891746811e-12,24,ESM2,0.9
IM085,RCIP0091,1.5363370298171475e-12,25,ESM2,0.9
IM085,RCIP0063,1.0427069364188357e-12,26,ESM2,0.9
IM085,RCIP0108,7.439460560174777e-14,27,ESM2,0.9
IM088,RCIP0023,0.9998981952667236,1,ESM2,0.9
IM088,RCIP0083,0.9917048215866089,2,ESM2,0.9
IM088,RCIP0074,0.9656950831413269,3,ESM2,0.9
IM088,RCIP0064,0.8656972646713257,4,ESM2,0.9
IM088,RCIP0111,6.191667125676759e-06,5,ESM2,0.9
IM088,RCIP0082,5.202000920689898e-06,6,ESM2,0.9
IM088,RCIP0090,3.0603578125010245e-06,7,ESM2,0.9
IM088,RCIP0112,2.059136704701814e-06,8,ESM2,0.9
IM088,RCIP0014,1.8475808474249789e-06,9,ESM2,0.9
IM088,RCIP0004,1.5214785662465147e-06,10,ESM2,0.9
IM088,RCIP0028,2.4611483695480274e-07,11,ESM2,0.9
IM088,RCIP0113,2.3761610634664976e-07,12,ESM2,0.9
IM088,RCIP0110,1.530526105852914e-07,13,ESM2,0.9
IM088,RCIP0067,8.821533725722475e-09,14,ESM2,0.9
IM088,RCIP0034,1.2644187918908756e-09,15,ESM2,0.9
IM088,RCIP0098,1.1878320549385535e-09,16,ESM2,0.9
IM088,RCIP0104,8.633136427960153e-10,17,ESM2,0.9
IM088,RCIP0085,8.400079520853865e-10,18,ESM2,0.9
IM088,RCIP0069,3.7268160779646564e-10,19,ESM2,0.9
IM088,RCIP0106,3.5087610594786156e-10,20,ESM2,0.9
IM088,RCIP0099,8.569445153483457e-11,21,ESM2,0.9
IM088,RCIP0089,1.616946507243533e-11,22,ESM2,0.9
IM088,RCIP0058,1.591204078221775e-11,23,ESM2,0.9
IM088,RCIP0109,7.791782843935557e-12,24,ESM2,0.9
IM088,RCIP0063,3.545541410378966e-13,25,ESM2,0.9
IM088,RCIP0091,2.9111587272756534e-13,26,ESM2,0.9
IM088,RCIP0108,3.380803598770736e-14,27,ESM2,0.9
IM094,RCIP0023,0.9998965263366699,1,ESM2,0.9
IM094,RCIP0083,0.9927224516868591,2,ESM2,0.9
IM094,RCIP0074,0.9701820015907288,3,ESM2,0.9
IM094,RCIP0064,0.8827827572822571,4,ESM2,0.9
IM094,RCIP0111,6.411059530364582e-06,5,ESM2,0.9
IM094,RCIP0082,5.125637017044937e-06,6,ESM2,0.9
IM094,RCIP0090,2.932896450147382e-06,7,ESM2,0.9
IM094,RCIP0112,2.1381554233812494e-06,8,ESM2,0.9
IM094,RCIP0014,1.8492802382752416e-06,9,ESM2,0.9
IM094,RCIP0004,1.4261042906582588e-06,10,ESM2,0.9
IM094,RCIP0028,2.427539129712386e-07,11,ESM2,0.9
IM094,RCIP0113,2.258396989418543e-07,12,ESM2,0.9
IM094,RCIP0110,1.45528858297439e-07,13,ESM2,0.9
IM094,RCIP0067,8.471943147014827e-09,14,ESM2,0.9
IM094,RCIP0034,1.2698665452504088e-09,15,ESM2,0.9
IM094,RCIP0098,1.195845200641088e-09,16,ESM2,0.9
IM094,RCIP0104,8.360822034703119e-10,17,ESM2,0.9
IM094,RCIP0085,8.072794099867053e-10,18,ESM2,0.9
IM094,RCIP0069,3.723867325611252e-10,19,ESM2,0.9
IM094,RCIP0106,3.4680483484983426e-10,20,ESM2,0.9
IM094,RCIP0099,8.417525704240703e-11,21,ESM2,0.9
IM094,RCIP0089,1.5763479063735097e-11,22,ESM2,0.9
IM094,RCIP0058,1.5116798438019607e-11,23,ESM2,0.9
IM094,RCIP0109,7.560024654906794e-12,24,ESM2,0.9
IM094,RCIP0063,3.408432932595906e-13,25,ESM2,0.9
IM094,RCIP0091,2.785588057961641e-13,26,ESM2,0.9
IM094,RCIP0108,3.24875759974419e-14,27,ESM2,0.9
IM_023,RCIP0023,0.9994704127311707,1,ESM2,0.995
IM_023,RCIP0074,0.9991724491119385,2,ESM2,0.995
IM_023,RCIP0083,0.999125063419342,3,ESM2,0.995
IM_023,RCIP0064,0.998907208442688,4,ESM2,0.995
IM_023,RCIP0028,0.9986567497253418,5,ESM2,0.995
IM_023,RCIP0098,0.9949594736099243,6,ESM2,0.995
IM_023,RCIP0034,0.9947013854980469,7,ESM2,0.995
IM_023,RCIP0058,0.827073335647583,8,ESM2,0.995
IM_023,RCIP0104,0.06422710418701172,9,ESM2,0.995
IM_023,RCIP0106,6.247169221751392e-05,10,ESM2,0.995
IM_023,RCIP0108,2.1539477529586293e-05,11,ESM2,0.995
IM_023,RCIP0085,8.688060916028917e-06,12,ESM2,0.995
IM_023,RCIP0004,3.959766672778642e-06,13,ESM2,0.995
IM_023,RCIP0014,1.161371415037138e-06,14,ESM2,0.995
IM_023,RCIP0067,8.36399408399302e-07,15,ESM2,0.995
IM_023,RCIP0111,5.501630084836506e-07,16,ESM2,0.995
IM_023,RCIP0112,5.170265353626746e-07,17,ESM2,0.995
IM_023,RCIP0099,3.528448928591388e-07,18,ESM2,0.995
IM_023,RCIP0090,1.7545158925713622e-07,19,ESM2,0.995
IM_023,RCIP0082,1.3517090735604143e-07,20,ESM2,0.995
IM_023,RCIP0063,1.1243710673625174e-07,21,ESM2,0.995
IM_023,RCIP0110,1.1128499011192616e-07,22,ESM2,0.995
IM_023,RCIP0109,1.1007326605749768e-07,23,ESM2,0.995
IM_023,RCIP0091,4.249834617553461e-08,24,ESM2,0.995
IM_023,RCIP0113,2.362463114025104e-08,25,ESM2,0.995
IM_023,RCIP0089,1.783297598478839e-08,26,ESM2,0.995
IM_023,RCIP0069,2.0870654093840812e-09,27,ESM2,0.995
NK06130,RCIP0069,0.9998695850372314,1,ESM2,0.999
NK06130,RCIP0112,0.9998664855957031,2,ESM2,0.999
NK06130,RCIP0111,0.9998501539230347,3,ESM2,0.999
NK06130,RCIP0014,0.9990062117576599,4,ESM2,0.999
NK06130,RCIP0082,0.9989305138587952,5,ESM2,0.999
NK06130,RCIP0099,0.9896173477172852,6,ESM2,0.999
NK06130,RCIP0089,0.9819765090942383,7,ESM2,0.999
NK06130,RCIP0067,0.981383740901947,8,ESM2,0.999
NK06130,RCIP0109,0.9785753488540649,9,ESM2,0.999
NK06130,RCIP0106,0.9691011905670166,10,ESM2,0.999
NK06130,RCIP0004,0.9655658006668091,11,ESM2,0.999
NK06130,RCIP0085,0.9653311371803284,12,ESM2,0.999
NK06130,RCIP0104,0.9640558958053589,13,ESM2,0.999
NK06130,RCIP0058,0.9628625512123108,14,ESM2,0.999
NK06130,RCIP0091,0.9419190883636475,15,ESM2,0.999
NK06130,RCIP0110,0.9203048348426819,16,ESM2,0.999
NK06130,RCIP0090,0.8653217554092407,17,ESM2,0.999
NK06130,RCIP0098,0.7939676642417908,18,ESM2,0.999
NK06130,RCIP0034,0.7909950613975525,19,ESM2,0.999
NK06130,RCIP0108,0.7754861116409302,20,ESM2,0.999
NK06130,RCIP0113,0.5760019421577454,21,ESM2,0.999
NK06130,RCIP0063,0.5724024176597595,22,ESM2,0.999
NK06130,RCIP0023,0.000325311761116609,23,ESM2,0.999
NK06130,RCIP0064,0.00012091361713828519,24,ESM2,0.999
NK06130,RCIP0083,9.915680129779503e-05,25,ESM2,0.999
NK06130,RCIP0074,9.628449333831668e-05,26,ESM2,0.999
NK06130,RCIP0028,5.5161446653073654e-05,27,ESM2,0.999
NK06145,RCIP0069,0.9998695850372314,1,ESM2,0.999
NK06145,RCIP0112,0.9998664855957031,2,ESM2,0.999
NK06145,RCIP0111,0.9998501539230347,3,ESM2,0.999
NK06145,RCIP0014,0.9990062117576599,4,ESM2,0.999
NK06145,RCIP0082,0.9989305138587952,5,ESM2,0.999
NK06145,RCIP0099,0.9896173477172852,6,ESM2,0.999
NK06145,RCIP0089,0.9819765090942383,7,ESM2,0.999
NK06145,RCIP0067,0.981383740901947,8,ESM2,0.999
NK06145,RCIP0109,0.9785753488540649,9,ESM2,0.999
NK06145,RCIP0106,0.9691011905670166,10,ESM2,0.999
NK06145,RCIP0004,0.9655658006668091,11,ESM2,0.999
NK06145,RCIP0085,0.9653311371803284,12,ESM2,0.999
NK06145,RCIP0104,0.9640558958053589,13,ESM2,0.999
NK06145,RCIP0058,0.9628625512123108,14,ESM2,0.999
NK06145,RCIP0091,0.9419190883636475,15,ESM2,0.999
NK06145,RCIP0110,0.9203048348426819,16,ESM2,0.999
NK06145,RCIP0090,0.8653216361999512,17,ESM2,0.999
NK06145,RCIP0098,0.7939676642417908,18,ESM2,0.999
NK06145,RCIP0034,0.790995180606842,19,ESM2,0.999
NK06145,RCIP0108,0.7754861116409302,20,ESM2,0.999
NK06145,RCIP0113,0.5760019421577454,21,ESM2,0.999
NK06145,RCIP0063,0.5724024176597595,22,ESM2,0.999
NK06145,RCIP0023,0.000325311761116609,23,ESM2,0.999
NK06145,RCIP0064,0.00012091361713828519,24,ESM2,0.999
NK06145,RCIP0083,9.915680129779503e-05,25,ESM2,0.999
NK06145,RCIP0074,9.628458792576566e-05,26,ESM2,0.999
NK06145,RCIP0028,5.5161446653073654e-05,27,ESM2,0.999
NK06248,RCIP0069,0.9998692274093628,1,ESM2,0.99
NK06248,RCIP0112,0.9998618364334106,2,ESM2,0.99
NK06248,RCIP0111,0.9998441934585571,3,ESM2,0.99
NK06248,RCIP0082,0.9989726543426514,4,ESM2,0.99
NK06248,RCIP0014,0.9989338517189026,5,ESM2,0.99
NK06248,RCIP0099,0.9892051219940186,6,ESM2,0.99
NK06248,RCIP0089,0.9823087453842163,7,ESM2,0.99
NK06248,RCIP0067,0.9815744757652283,8,ESM2,0.99
NK06248,RCIP0109,0.9790394902229309,9,ESM2,0.99
NK06248,RCIP0106,0.9655449390411377,10,ESM2,0.99
NK06248,RCIP0104,0.9642871618270874,11,ESM2,0.99
NK06248,RCIP0058,0.9642598032951355,12,ESM2,0.99
NK06248,RCIP0004,0.9640978574752808,13,ESM2,0.99
NK06248,RCIP0085,0.963591456413269,14,ESM2,0.99
NK06248,RCIP0091,0.9352906942367554,15,ESM2,0.99
NK06248,RCIP0110,0.9189426898956299,16,ESM2,0.99
NK06248,RCIP0090,0.8579303026199341,17,ESM2,0.99
NK06248,RCIP0098,0.7922319769859314,18,ESM2,0.99
NK06248,RCIP0034,0.788518488407135,19,ESM2,0.99
NK06248,RCIP0108,0.7730781435966492,20,ESM2,0.99
NK06248,RCIP0113,0.5892109870910645,21,ESM2,0.99
NK06248,RCIP0063,0.5503212809562683,22,ESM2,0.99
NK06248,RCIP0023,0.0004234388761688024,23,ESM2,0.99
NK06248,RCIP0064,0.000151179832755588,24,ESM2,0.99
NK06248,RCIP0083,0.0001202962885145098,25,ESM2,0.99
NK06248,RCIP0074,0.00011920247197849676,26,ESM2,0.99
NK06248,RCIP0028,6.400279380613938e-05,27,ESM2,0.99
NK08119,RCIP0069,0.999868631362915,1,ESM2,0.999
NK08119,RCIP0112,0.9998656511306763,2,ESM2,0.999
NK08119,RCIP0111,0.9998493194580078,3,ESM2,0.999
NK08119,RCIP0014,0.9990039467811584,4,ESM2,0.999
NK08119,RCIP0082,0.9989283680915833,5,ESM2,0.999
NK08119,RCIP0099,0.9894270896911621,6,ESM2,0.999
NK08119,RCIP0089,0.9816758036613464,7,ESM2,0.999
NK08119,RCIP0067,0.9812799692153931,8,ESM2,0.999
NK08119,RCIP0109,0.978270411491394,9,ESM2,0.999
NK08119,RCIP0106,0.9685500264167786,10,ESM2,0.999
NK08119,RCIP0004,0.9654441475868225,11,ESM2,0.999
NK08119,RCIP0085,0.9651350378990173,12,ESM2,0.999
NK08119,RCIP0104,0.9635404348373413,13,ESM2,0.999
NK08119,RCIP0058,0.9626654386520386,14,ESM2,0.999
NK08119,RCIP0091,0.9414757490158081,15,ESM2,0.999
NK08119,RCIP0110,0.9195095300674438,16,ESM2,0.999
NK08119,RCIP0090,0.8643956780433655,17,ESM2,0.999
NK08119,RCIP0098,0.7934515476226807,18,ESM2,0.999
NK08119,RCIP0034,0.7904844284057617,19,ESM2,0.999
NK08119,RCIP0108,0.7751514911651611,20,ESM2,0.999
NK08119,RCIP0113,0.5753140449523926,21,ESM2,0.999
NK08119,RCIP0063,0.5717259049415588,22,ESM2,0.999
NK08119,RCIP0023,0.00032562139676883817,23,ESM2,0.999
NK08119,RCIP0064,0.00012036237603751943,24,ESM2,0.999
NK08119,RCIP0083,9.871799557004124e-05,25,ESM2,0.999
NK08119,RCIP0074,9.581007179804146e-05,26,ESM2,0.999
NK08119,RCIP0028,5.493964999914169e-05,27,ESM2,0.999
NK08370,RCIP0069,0.999995231628418,1,ESM2,0.9
NK08370,RCIP0111,0.9999880790710449,2,ESM2,0.9
NK08370,RCIP0112,0.9999878406524658,3,ESM2,0.9
NK08370,RCIP0099,0.9999418258666992,4,ESM2,0.9
NK08370,RCIP0106,0.999904990196228,5,ESM2,0.9
NK08370,RCIP0089,0.999842643737793,6,ESM2,0.9
NK08370,RCIP0109,0.9998160004615784,7,ESM2,0.9
NK08370,RCIP0104,0.9997617602348328,8,ESM2,0.9
NK08370,RCIP0014,0.9996803998947144,9,ESM2,0.9
NK08370,RCIP0082,0.9996022582054138,10,ESM2,0.9
NK08370,RCIP0067,0.9993320107460022,11,ESM2,0.9
NK08370,RCIP0085,0.9986240863800049,12,ESM2,0.9
NK08370,RCIP0113,0.9984205961227417,13,ESM2,0.9
NK08370,RCIP0004,0.9983135461807251,14,ESM2,0.9
NK08370,RCIP0091,0.9972623586654663,15,ESM2,0.9
NK08370,RCIP0110,0.9967358708381653,16,ESM2,0.9
NK08370,RCIP0058,0.9919551014900208,17,ESM2,0.9
NK08370,RCIP0090,0.9901752471923828,18,ESM2,0.9
NK08370,RCIP0098,0.9729124903678894,19,ESM2,0.9
NK08370,RCIP0034,0.9705767035484314,20,ESM2,0.9
NK08370,RCIP0108,0.927134096622467,21,ESM2,0.9
NK08370,RCIP0063,0.7862111926078796,22,ESM2,0.9
NK08370,RCIP0064,9.081098141905386e-06,23,ESM2,0.9
NK08370,RCIP0074,6.3586094256606884e-06,24,ESM2,0.9
NK08370,RCIP0083,6.166204457258573e-06,25,ESM2,0.9
NK08370,RCIP0028,2.543755499573308e-06,26,ESM2,0.9
NK08370,RCIP0023,1.203747501676844e-06,27,ESM2,0.9
